,Game_ID,Player_ID,Player_Plus/Minus
0,021fd159b55773fba8157e2090fe0fe2,a99f44bbff39e352191a870e17f04537,24
1,021fd159b55773fba8157e2090fe0fe2,89706b99ddd00dc05d37ef5cafc04276,15
2,021fd159b55773fba8157e2090fe0fe2,b2fada91a0c8a0f400623c425286ae2e,7
3,021fd159b55773fba8157e2090fe0fe2,cec898a1d355dbfbad8c760615fde1af,4
4,021fd159b55773fba8157e2090fe0fe2,881f83d2dee3f18c7d1751659406144e,2
5,021fd159b55773fba8157e2090fe0fe2,d6bc5eb6ed54c734628cb4d237f99031,1
6,021fd159b55773fba8157e2090fe0fe2,1362d9ad805e7cc4ea3a9467c91142d6,1
7,021fd159b55773fba8157e2090fe0fe2,2d9594e4d250679e7a3383ad5ccd2f44,-2
8,021fd159b55773fba8157e2090fe0fe2,2b313e2bcef0268bc8e9415132ba9997,-5
9,021fd159b55773fba8157e2090fe0fe2,314c71574689f752c17b83cd6a4d770e,-7
10,021fd159b55773fba8157e2090fe0fe2,c1fe6ed491d04e3cdf50755dff23b263,9
11,021fd159b55773fba8157e2090fe0fe2,60b5f9f68ccbbf7ba3fa13a2189e2775,2
12,021fd159b55773fba8157e2090fe0fe2,33963fe856a1523ff46438ba07d1d99f,1
13,021fd159b55773fba8157e2090fe0fe2,8bb18fb1d0cc10c985afa823ecec6d18,-1
14,021fd159b55773fba8157e2090fe0fe2,603daefb2fa321f3abab289805fdcc25,-7
15,021fd159b55773fba8157e2090fe0fe2,307beab25b1021a548b4a47550bc4b25,-9
16,021fd159b55773fba8157e2090fe0fe2,27ea17a8685c4919f157e83fe9cb2d9e,-10
17,021fd159b55773fba8157e2090fe0fe2,c00264c3114d23bac482e9de50fb7d28,-10
18,021fd159b55773fba8157e2090fe0fe2,57bbd7e30bc694aeee9ee40c583e6811,-15
19,03a31e84b194d6c8a2eab5d70ba67acf,f5f1164263044fc2ee91242daa221045,19
20,03a31e84b194d6c8a2eab5d70ba67acf,387d067091bd3a9264576ddb74759f5f,15
21,03a31e84b194d6c8a2eab5d70ba67acf,e6d3fc584789b9b914791ec969a8d5a4,14
22,03a31e84b194d6c8a2eab5d70ba67acf,5fe2b12999c5b4a17dba17cb76b0cfbc,11
23,03a31e84b194d6c8a2eab5d70ba67acf,e688b1a601a44fb2ac79c58bf6c89e8b,10
24,03a31e84b194d6c8a2eab5d70ba67acf,257b19b06545dcb0a4eb3a01d7952eed,9
25,03a31e84b194d6c8a2eab5d70ba67acf,17651fd844ca9177694e0fe8e13ade03,7
26,03a31e84b194d6c8a2eab5d70ba67acf,2b8bdfc64f41d1adefabcf7e0667a618,5
27,03a31e84b194d6c8a2eab5d70ba67acf,43a74f78a8e39c7fb0ad193fb24f52ba,5
28,03a31e84b194d6c8a2eab5d70ba67acf,d1af6080bd4b6a794ba3595dab2b1fb8,2
29,03a31e84b194d6c8a2eab5d70ba67acf,81e57235a0f7d2ad49e275ae41070094,2
30,03a31e84b194d6c8a2eab5d70ba67acf,1e76e7a4a5b6d17e67172710d86b6b51,2
31,03a31e84b194d6c8a2eab5d70ba67acf,84a4a3c70c57b7d570baca43b5423ba3,0
32,03a31e84b194d6c8a2eab5d70ba67acf,71cd93e320cd2da78733d23dae3274a0,-7
33,03a31e84b194d6c8a2eab5d70ba67acf,7438349cba4a3154e331f38cfbb2dd5e,-7
34,03a31e84b194d6c8a2eab5d70ba67acf,b248b1d9caa41a3562d67584c1a0b399,-9
35,03a31e84b194d6c8a2eab5d70ba67acf,952cb62f00fbb58407f3a7cd89c3a7bf,-11
36,03a31e84b194d6c8a2eab5d70ba67acf,e2d5a38e5f826708c89f2f728eade916,-12
37,03a31e84b194d6c8a2eab5d70ba67acf,6b08fc64c8d282c36e800d28eb278027,-15
38,03a31e84b194d6c8a2eab5d70ba67acf,8bea2707e7bf04c8a3d8188b87d92c0e,-20
39,03a31e84b194d6c8a2eab5d70ba67acf,1376b4800e5b2d50ce35a57827eadcfc,-20
40,06bb1d31c63891e2580ff12e4e6505b4,762b12c3cb57fad4b882040b3293fa31,19
41,06bb1d31c63891e2580ff12e4e6505b4,85b8db431f11d51d5def87fc58229be4,10
42,06bb1d31c63891e2580ff12e4e6505b4,1532445b96ca1edd411bfae064b189bb,9
43,06bb1d31c63891e2580ff12e4e6505b4,394e78a51b6d2fd3c046f11f49fcab57,7
44,06bb1d31c63891e2580ff12e4e6505b4,3056d865481cd5919672eb92e1f8b53f,7
45,06bb1d31c63891e2580ff12e4e6505b4,646b0273682c1592a938bbfb21332ded,2
46,06bb1d31c63891e2580ff12e4e6505b4,1c73194e0fa711701298e4a27b046bab,2
47,06bb1d31c63891e2580ff12e4e6505b4,d8e4f0fd2e836518e681c99a3f9e4411,0
48,06bb1d31c63891e2580ff12e4e6505b4,1a8dfc8c85278dd28ed7985e40fc6018,-1
49,06bb1d31c63891e2580ff12e4e6505b4,1a48480fc3370082483f158f10948bba,-10
50,06bb1d31c63891e2580ff12e4e6505b4,1cd0599b37f77c2be76a2c6df23d1ba8,-1
51,06bb1d31c63891e2580ff12e4e6505b4,f285f13f0c036a88bd85535e47e88aef,-1
52,06bb1d31c63891e2580ff12e4e6505b4,eaa6c5d9e964e04fa05b4db476fb46f0,-2
53,06bb1d31c63891e2580ff12e4e6505b4,28ce9a11a56397b259299fdd9710dab5,-4
54,06bb1d31c63891e2580ff12e4e6505b4,b098111d3935607a714ddc7d4b057a1b,-4
55,06bb1d31c63891e2580ff12e4e6505b4,9d4117dd37b6a8592a711ef940b82de4,-5
56,06bb1d31c63891e2580ff12e4e6505b4,adcd53acc9f5585db4c510745b2bac89,-7
57,06bb1d31c63891e2580ff12e4e6505b4,9f0ee42268a2542d7fd028fe79184286,-9
58,06bb1d31c63891e2580ff12e4e6505b4,58f273dbbf002f0ec411fc247e07dd0a,-12
59,07e76f7482773e81e2351d1692e9e5bb,bc77b0f38cb51b2cfe8552000e585cbf,19
60,07e76f7482773e81e2351d1692e9e5bb,3a7ac3ab38d3261d8c162d52a7f4e644,18
61,07e76f7482773e81e2351d1692e9e5bb,5f2d1b7a31eb9117654c9d056093bfa5,14
62,07e76f7482773e81e2351d1692e9e5bb,4596ed9dd04a94f6ad5e60ebda302350,12
63,07e76f7482773e81e2351d1692e9e5bb,050e16220dddff68fc37eca695cee3b4,10
64,07e76f7482773e81e2351d1692e9e5bb,336ec76a9accfb5359ea7e69f2610947,9
65,07e76f7482773e81e2351d1692e9e5bb,867712e1cdfd8b15d083f3be2af4bc0f,8
66,07e76f7482773e81e2351d1692e9e5bb,963242c7a25ba9a70b245f482e960e75,7
67,07e76f7482773e81e2351d1692e9e5bb,9075d598a348b290d9c426e41662e593,7
68,07e76f7482773e81e2351d1692e9e5bb,36f020989d86eefe270ab346e6f80e4e,2
69,07e76f7482773e81e2351d1692e9e5bb,2faa88bc657b3dbf4aeeb2f3eb7a1e23,-1
70,07e76f7482773e81e2351d1692e9e5bb,007b0de63548bac45dfacc0870a4a537,-2
71,07e76f7482773e81e2351d1692e9e5bb,508d962863dc09f49884cdd9a53d804a,-4
72,07e76f7482773e81e2351d1692e9e5bb,b2ba11f9de4921e8eee910b7c9d5404f,-5
73,07e76f7482773e81e2351d1692e9e5bb,9fa70948d1ad86af009ffad239f8a464,-5
74,07e76f7482773e81e2351d1692e9e5bb,404f3be24b921150227c13f766e084cf,-6
75,07e76f7482773e81e2351d1692e9e5bb,1b335cd14d37addc486b357c3b58db27,-14
76,07e76f7482773e81e2351d1692e9e5bb,67f4ecb2bff373b7f14f59bdf87b47c6,-14
77,07e76f7482773e81e2351d1692e9e5bb,f2e41e7ce25aff54b85ee5ab66f69187,-18
78,07e76f7482773e81e2351d1692e9e5bb,c2502dbdbdc5273bac8daa884e3ff63a,-18
79,07e76f7482773e81e2351d1692e9e5bb,64434221db9ba319f8d13632f1c2ad32,-19
80,0868dee930f69a54541d4ae88b841a37,021dabc5d7a1404ec8ad34fe8ca4b5e3,10
81,0868dee930f69a54541d4ae88b841a37,c4072556336827a70c8a0298bc658b5b,7
82,0868dee930f69a54541d4ae88b841a37,7afc3cf0c2557f13e927da9ab03725dc,5
83,0868dee930f69a54541d4ae88b841a37,5779f715384a05dc9cea4ddf21ab564c,4
84,0868dee930f69a54541d4ae88b841a37,45e7a758a91a254ff04756562e740f2d,-7
85,0868dee930f69a54541d4ae88b841a37,00654b6c2e1d8c24d06464620db7a262,-7
86,0868dee930f69a54541d4ae88b841a37,4f4e47023263931e1445dc97f7dae941,-15
87,0868dee930f69a54541d4ae88b841a37,be9b1397bcb9fb9104edd23670988cda,-16
88,0868dee930f69a54541d4ae88b841a37,d38e656ac7e867b6f28064fcf8d8fcaf,-17
89,0868dee930f69a54541d4ae88b841a37,315f46f7a5e1de7ef9b4c2430ce64e2d,-20
90,0868dee930f69a54541d4ae88b841a37,8c95d54ad5593f5c4fc5015dcded3b55,-24
91,0868dee930f69a54541d4ae88b841a37,5f2d1b7a31eb9117654c9d056093bfa5,19
92,0868dee930f69a54541d4ae88b841a37,36f020989d86eefe270ab346e6f80e4e,18
93,0868dee930f69a54541d4ae88b841a37,336ec76a9accfb5359ea7e69f2610947,12
94,0868dee930f69a54541d4ae88b841a37,1278107e4a5c3735de706159c381fd82,10
95,0868dee930f69a54541d4ae88b841a37,bc77b0f38cb51b2cfe8552000e585cbf,8
96,0868dee930f69a54541d4ae88b841a37,050e16220dddff68fc37eca695cee3b4,8
97,0868dee930f69a54541d4ae88b841a37,867712e1cdfd8b15d083f3be2af4bc0f,8
98,0868dee930f69a54541d4ae88b841a37,3a7ac3ab38d3261d8c162d52a7f4e644,4
99,0868dee930f69a54541d4ae88b841a37,963242c7a25ba9a70b245f482e960e75,0
100,0868dee930f69a54541d4ae88b841a37,4596ed9dd04a94f6ad5e60ebda302350,-7
101,09d46e3d7a8253b7209100650b5afaeb,f79a2b5e6190ac3c534645e806f1b611,14
102,09d46e3d7a8253b7209100650b5afaeb,be9b1397bcb9fb9104edd23670988cda,12
103,09d46e3d7a8253b7209100650b5afaeb,7afc3cf0c2557f13e927da9ab03725dc,6
104,09d46e3d7a8253b7209100650b5afaeb,4f4e47023263931e1445dc97f7dae941,2
105,09d46e3d7a8253b7209100650b5afaeb,8c95d54ad5593f5c4fc5015dcded3b55,-1
106,09d46e3d7a8253b7209100650b5afaeb,6f63b8522b79b45c4b88cf0129161f01,-5
107,09d46e3d7a8253b7209100650b5afaeb,00654b6c2e1d8c24d06464620db7a262,-10
108,09d46e3d7a8253b7209100650b5afaeb,45e7a758a91a254ff04756562e740f2d,-11
109,09d46e3d7a8253b7209100650b5afaeb,c4072556336827a70c8a0298bc658b5b,-13
110,09d46e3d7a8253b7209100650b5afaeb,021dabc5d7a1404ec8ad34fe8ca4b5e3,-19
111,09d46e3d7a8253b7209100650b5afaeb,6284f9ad059fd7910f24ab69df891760,26
112,09d46e3d7a8253b7209100650b5afaeb,501e22e48df13d5a5b2b85a08c6d2ca9,18
113,09d46e3d7a8253b7209100650b5afaeb,79af15b6a2238e81cd52b99490ed2709,13
114,09d46e3d7a8253b7209100650b5afaeb,cc6c4b67ac08f33590e75e9474122fc4,11
115,09d46e3d7a8253b7209100650b5afaeb,4d371dbb9d07b0a451e6a253244d3079,4
116,09d46e3d7a8253b7209100650b5afaeb,770d24797fbad8f1bddd585ef8297e2b,0
117,09d46e3d7a8253b7209100650b5afaeb,93130c3cfa0d9d9a7635a085c3be99a1,-2
118,09d46e3d7a8253b7209100650b5afaeb,fa59d02355adde510fbf3dd7a0b0930d,-3
119,09d46e3d7a8253b7209100650b5afaeb,3f67235a5607746cc215eee5dd447a5e,-4
120,09d46e3d7a8253b7209100650b5afaeb,d74c692dc5f817e5d6598338b24e1035,-4
121,09d46e3d7a8253b7209100650b5afaeb,3cc886aecaeb231f093c5bdded29d2dd,-13
122,09d46e3d7a8253b7209100650b5afaeb,66c69301f757e48e6b780927b5a55e11,-21
123,13ced855d491384876c6ab807bd1d3db,74f677b5efa87503eead993dfa30ca27,11
124,13ced855d491384876c6ab807bd1d3db,03de9006db92bdee3030980760dcbcf5,11
125,13ced855d491384876c6ab807bd1d3db,ca8e2e9b58c57efe6c919dcbb53ee86c,8
126,13ced855d491384876c6ab807bd1d3db,d5701055e262ef5bd9f3fa6e11014327,7
127,13ced855d491384876c6ab807bd1d3db,881f83d2dee3f18c7d1751659406144e,6
128,13ced855d491384876c6ab807bd1d3db,cc7946cd2fd5f9d5c15247fbdddce8f3,4
129,13ced855d491384876c6ab807bd1d3db,9e0ccb212abed9880097869dbfb903c5,-1
130,13ced855d491384876c6ab807bd1d3db,dcb6b241fcbbd838bc3437c8e1fc4ccb,-6
131,13ced855d491384876c6ab807bd1d3db,98657a73f988f7c0824a16fd368bfa62,-15
132,13ced855d491384876c6ab807bd1d3db,3056d865481cd5919672eb92e1f8b53f,9
133,13ced855d491384876c6ab807bd1d3db,12327e4171bb9715104ea70c722869ea,4
134,13ced855d491384876c6ab807bd1d3db,1a48480fc3370082483f158f10948bba,4
135,13ced855d491384876c6ab807bd1d3db,646b0273682c1592a938bbfb21332ded,-1
136,13ced855d491384876c6ab807bd1d3db,762b12c3cb57fad4b882040b3293fa31,-2
137,13ced855d491384876c6ab807bd1d3db,d8e4f0fd2e836518e681c99a3f9e4411,-3
138,13ced855d491384876c6ab807bd1d3db,1c73194e0fa711701298e4a27b046bab,-3
139,13ced855d491384876c6ab807bd1d3db,15dbf00f25f3f2d86cde4775018d44b5,-6
140,13ced855d491384876c6ab807bd1d3db,1532445b96ca1edd411bfae064b189bb,-7
141,13ced855d491384876c6ab807bd1d3db,1a8dfc8c85278dd28ed7985e40fc6018,-9
142,13ced855d491384876c6ab807bd1d3db,394e78a51b6d2fd3c046f11f49fcab57,-11
143,15d76177caa6022156e83774c2e054d3,f74cedcf99a3aabc222398db7499bac1,4
144,15d76177caa6022156e83774c2e054d3,17c5b4a9be5e0fa567d3d38ca65e4005,-2
145,15d76177caa6022156e83774c2e054d3,321fe275d1d66f05c5014fd97e870834,-2
146,15d76177caa6022156e83774c2e054d3,6de0ac647d194bdcfc0854c7ad51c44e,-4
147,15d76177caa6022156e83774c2e054d3,e5e2fb66fc3e8ee0edf076e60d343031,-6
148,15d76177caa6022156e83774c2e054d3,b67e5a2e593be71fe871d7d511f0ab55,-7
149,15d76177caa6022156e83774c2e054d3,78b2c63af827b482d7e3ffa096f4fbd2,-8
150,15d76177caa6022156e83774c2e054d3,d4777cb3468137b35f7e80b7434bec27,-11
151,15d76177caa6022156e83774c2e054d3,0beb157ecf02b2c67048597bb3c514b5,-14
152,15d76177caa6022156e83774c2e054d3,501e22e48df13d5a5b2b85a08c6d2ca9,15
153,15d76177caa6022156e83774c2e054d3,d74c692dc5f817e5d6598338b24e1035,13
154,15d76177caa6022156e83774c2e054d3,6284f9ad059fd7910f24ab69df891760,10
155,15d76177caa6022156e83774c2e054d3,3f67235a5607746cc215eee5dd447a5e,6
156,15d76177caa6022156e83774c2e054d3,3cc886aecaeb231f093c5bdded29d2dd,6
157,15d76177caa6022156e83774c2e054d3,93130c3cfa0d9d9a7635a085c3be99a1,5
158,15d76177caa6022156e83774c2e054d3,cc6c4b67ac08f33590e75e9474122fc4,4
159,15d76177caa6022156e83774c2e054d3,66c69301f757e48e6b780927b5a55e11,-2
160,15d76177caa6022156e83774c2e054d3,fa59d02355adde510fbf3dd7a0b0930d,-3
161,15d76177caa6022156e83774c2e054d3,b02d6090eb1155aab0614815c9f9ad73,-4
162,1eab6189ad9ab246c197575a8c4eebe5,0b0dfe077fd547134c4b631cc7008465,12
163,1eab6189ad9ab246c197575a8c4eebe5,cc770adb9f49dec34c5f80808fdfd418,4
164,1eab6189ad9ab246c197575a8c4eebe5,d60757b977513c3d88aad57e520cd3f3,0
165,1eab6189ad9ab246c197575a8c4eebe5,d29058993b5746d37d0fd5348c5018e2,-2
166,1eab6189ad9ab246c197575a8c4eebe5,7c1c2ad6f3088c952dffd0335bb3af9b,-6
167,1eab6189ad9ab246c197575a8c4eebe5,fcca0a6b42249d73d83db4651c1c1c91,-6
168,1eab6189ad9ab246c197575a8c4eebe5,58a634d96007527e1989120fe42d1072,-7
169,1eab6189ad9ab246c197575a8c4eebe5,9205d55e83f96be2290f1e8849e9f062,-18
170,1eab6189ad9ab246c197575a8c4eebe5,c5a353e301078ea1cb4e8bc8fede12e9,-25
171,1eab6189ad9ab246c197575a8c4eebe5,3637dae74ec0bcaa39275df5ef7bea71,-37
172,1eab6189ad9ab246c197575a8c4eebe5,b02d6090eb1155aab0614815c9f9ad73,32
173,1eab6189ad9ab246c197575a8c4eebe5,6284f9ad059fd7910f24ab69df891760,29
174,1eab6189ad9ab246c197575a8c4eebe5,770d24797fbad8f1bddd585ef8297e2b,15
175,1eab6189ad9ab246c197575a8c4eebe5,501e22e48df13d5a5b2b85a08c6d2ca9,14
176,1eab6189ad9ab246c197575a8c4eebe5,3f67235a5607746cc215eee5dd447a5e,14
177,1eab6189ad9ab246c197575a8c4eebe5,cc6c4b67ac08f33590e75e9474122fc4,9
178,1eab6189ad9ab246c197575a8c4eebe5,79af15b6a2238e81cd52b99490ed2709,5
179,1eab6189ad9ab246c197575a8c4eebe5,93130c3cfa0d9d9a7635a085c3be99a1,-4
180,1eab6189ad9ab246c197575a8c4eebe5,3cc886aecaeb231f093c5bdded29d2dd,-5
181,1eab6189ad9ab246c197575a8c4eebe5,66c69301f757e48e6b780927b5a55e11,-12
182,1eab6189ad9ab246c197575a8c4eebe5,abbf4d36fe2ae588a1d096b0a88aa0c9,-12
183,1f9e3cb05c031986cf8bc7c0a84cc517,e0dffa2151192e79ffe8fb354c90ee27,38
184,1f9e3cb05c031986cf8bc7c0a84cc517,bd20bf656b42bc62dbff50057d2b229a,38
185,1f9e3cb05c031986cf8bc7c0a84cc517,bb78908ffd321b2e0709b9b462786360,33
186,1f9e3cb05c031986cf8bc7c0a84cc517,6747ed60ebf43c90d3329c9d744662cb,28
187,1f9e3cb05c031986cf8bc7c0a84cc517,9f5b1af88e7d95ccb819e311d22fc1d9,27
188,1f9e3cb05c031986cf8bc7c0a84cc517,ff9ea417d5345bb5e4e6ec152ae2358f,16
189,1f9e3cb05c031986cf8bc7c0a84cc517,173f319db1edc802bf85ecff4a759d8c,10
190,1f9e3cb05c031986cf8bc7c0a84cc517,9ddd4ed866679ee1020a2c8c426b222a,4
191,1f9e3cb05c031986cf8bc7c0a84cc517,73be785a9fbca2eff767fbce1c398d66,3
192,1f9e3cb05c031986cf8bc7c0a84cc517,89c04f26448f309cd55b487b0722bdad,-5
193,1f9e3cb05c031986cf8bc7c0a84cc517,35ca3467b0fbb6a737c25f3f4ca5b2a8,-6
194,1f9e3cb05c031986cf8bc7c0a84cc517,d39a4c1fa31258c322488a7329674adc,-8
195,1f9e3cb05c031986cf8bc7c0a84cc517,8855d25a0461a5ed487d0dbc7ad6c73b,-8
196,1f9e3cb05c031986cf8bc7c0a84cc517,cbc1063c3b1731493f5de7dcd822a193,9
197,1f9e3cb05c031986cf8bc7c0a84cc517,c149a245aa42a54348d9f4534c182e22,5
198,1f9e3cb05c031986cf8bc7c0a84cc517,011ffbd69cd25a2324c720b64f31712a,3
199,1f9e3cb05c031986cf8bc7c0a84cc517,2bff96fb00704f4d84b67d3ec95db8fd,1
200,1f9e3cb05c031986cf8bc7c0a84cc517,e96dc78c444bead3a3e7d169f2fa6e07,-1
201,1f9e3cb05c031986cf8bc7c0a84cc517,4341f809d409ac17565852620cf80cbd,-14
202,1f9e3cb05c031986cf8bc7c0a84cc517,2f1121d01dbff3e3dd6f17841dd34120,-14
203,1f9e3cb05c031986cf8bc7c0a84cc517,9d54ec2880190738ff0b490850aa21ef,-18
204,1f9e3cb05c031986cf8bc7c0a84cc517,c6199433c79a95a34133f86971a148b1,-24
205,1f9e3cb05c031986cf8bc7c0a84cc517,70f7e0aad42e27aacb7490d349a4b233,-26
206,1f9e3cb05c031986cf8bc7c0a84cc517,57ed4bb35e7cef3fc5f579bd119ceeca,-28
207,1f9e3cb05c031986cf8bc7c0a84cc517,b90945b4a95bfc10ffc239ec4eac211d,-29
208,1f9e3cb05c031986cf8bc7c0a84cc517,c6a9f7baaf3b88105816cf658c0cf7e8,-34
209,2bf4ac0ed9ac1aee8767134d62b34dfe,f2e41e7ce25aff54b85ee5ab66f69187,10
210,2bf4ac0ed9ac1aee8767134d62b34dfe,c2502dbdbdc5273bac8daa884e3ff63a,10
211,2bf4ac0ed9ac1aee8767134d62b34dfe,b2ba11f9de4921e8eee910b7c9d5404f,-5
212,2bf4ac0ed9ac1aee8767134d62b34dfe,508d962863dc09f49884cdd9a53d804a,-7
213,2bf4ac0ed9ac1aee8767134d62b34dfe,67f4ecb2bff373b7f14f59bdf87b47c6,-10
214,2bf4ac0ed9ac1aee8767134d62b34dfe,64434221db9ba319f8d13632f1c2ad32,-18
215,2bf4ac0ed9ac1aee8767134d62b34dfe,1b335cd14d37addc486b357c3b58db27,-18
216,2bf4ac0ed9ac1aee8767134d62b34dfe,404f3be24b921150227c13f766e084cf,-19
217,2bf4ac0ed9ac1aee8767134d62b34dfe,ffaf641f9379f76a57f15bab1e788e6d,-33
218,2bf4ac0ed9ac1aee8767134d62b34dfe,926af53b4f0e8e7afd53aa2a4c46895d,-40
219,2bf4ac0ed9ac1aee8767134d62b34dfe,53502b8d547e58de75cb1622f66cae09,35
220,2bf4ac0ed9ac1aee8767134d62b34dfe,05c7b48e2ce68df138826699856fe6a5,20
221,2bf4ac0ed9ac1aee8767134d62b34dfe,30f38d775cff2a96532ccc7c5e48c48b,19
222,2bf4ac0ed9ac1aee8767134d62b34dfe,0f02d616e027988803324c84e8951a0e,16
223,2bf4ac0ed9ac1aee8767134d62b34dfe,4eff0c7b3c32f68bfece327044b47b49,14
224,2bf4ac0ed9ac1aee8767134d62b34dfe,36d0e99d34dfb110a853cd2892065234,14
225,2bf4ac0ed9ac1aee8767134d62b34dfe,ad6a98bfd42a5a831a1a3401eaf96785,10
226,2bf4ac0ed9ac1aee8767134d62b34dfe,4a34b108d006b92660ec7593dde29e0d,6
227,2bf4ac0ed9ac1aee8767134d62b34dfe,73cae0c04831cfb8dd47d5f41faf277f,2
228,2bf4ac0ed9ac1aee8767134d62b34dfe,50dd3829e418e0c92efe29566f288942,0
229,2bf4ac0ed9ac1aee8767134d62b34dfe,52af793d0eeef92b05ce0d6b01cf2542,-2
230,2bf4ac0ed9ac1aee8767134d62b34dfe,862015a22d1dd86103d865691dab92f0,-2
231,2bf4ac0ed9ac1aee8767134d62b34dfe,6a20279d61d8be94ea457bb5f6fe077a,-2
232,2faabfa663f4dfb9ed83a1482088e092,2f04dbbabeefc1447ca06ae228d8b42c,12
233,2faabfa663f4dfb9ed83a1482088e092,cdb159e491966787f661d65f4d997fe8,6
234,2faabfa663f4dfb9ed83a1482088e092,16f7d070421f93ae177d8adf1bc0edf2,5
235,2faabfa663f4dfb9ed83a1482088e092,a555fb30be57b11cdfbffa3654ba9f83,5
236,2faabfa663f4dfb9ed83a1482088e092,aa062d0d43fb0f311e962c085e1fb744,5
237,2faabfa663f4dfb9ed83a1482088e092,1e0949f9de690dc085cd487fba834d4e,5
238,2faabfa663f4dfb9ed83a1482088e092,039bd19014e6cfcf867f442aa412ad6a,4
239,2faabfa663f4dfb9ed83a1482088e092,4d64187a5343a51197a799982a97d173,4
240,2faabfa663f4dfb9ed83a1482088e092,d3e3ae70ac393f24335f922cdeec1b1a,2
241,2faabfa663f4dfb9ed83a1482088e092,466ef3d80ec02640eeecea72e08ad8c6,0
242,2faabfa663f4dfb9ed83a1482088e092,522a32a0442e32bce9aba28ac7ba327b,-3
243,2faabfa663f4dfb9ed83a1482088e092,b07ed3ce0e4991320064795011f02d4d,7
244,2faabfa663f4dfb9ed83a1482088e092,4b095e823bb1b4857a50d41a511930d4,5
245,2faabfa663f4dfb9ed83a1482088e092,53e6c98d995191bfb806c5a7cf93db05,1
246,2faabfa663f4dfb9ed83a1482088e092,14629670f976c0320bd2085956d073e1,0
247,2faabfa663f4dfb9ed83a1482088e092,38f5dec297d58ecae62c8a9549004520,0
248,2faabfa663f4dfb9ed83a1482088e092,7021635e4c42453f92b82fe89cfffa35,-2
249,2faabfa663f4dfb9ed83a1482088e092,293f2b24a7c44b0d65cd9ac09b680ffc,-12
250,2faabfa663f4dfb9ed83a1482088e092,38165bacb00c27108cc23681972ee9ab,-13
251,2faabfa663f4dfb9ed83a1482088e092,a21d7d83ae1fb9bc438e87b06072efbb,-13
252,2faabfa663f4dfb9ed83a1482088e092,c493d9929037f011bcb3ff8a2e468c6a,-18
253,3152e9c330ce200cc189ae64ebdf41fc,928d7057f3a2b03d6e1574c5a55d0a54,13
254,3152e9c330ce200cc189ae64ebdf41fc,317a4d61e1dd679f93b3628f3e35e0d0,7
255,3152e9c330ce200cc189ae64ebdf41fc,5cfae6b3803440cb1d87ceead6aad4eb,3
256,3152e9c330ce200cc189ae64ebdf41fc,249de90677348e56e1f8c68e67edd04f,-5
257,3152e9c330ce200cc189ae64ebdf41fc,926af53b4f0e8e7afd53aa2a4c46895d,-5
258,3152e9c330ce200cc189ae64ebdf41fc,5e6c9c4441186264607c60fcc533574c,-6
259,3152e9c330ce200cc189ae64ebdf41fc,978f65d65974dcaaea595daaa1b35a2a,-6
260,3152e9c330ce200cc189ae64ebdf41fc,74830bfa36f9e2005b3b6beb635e80f5,-6
261,3152e9c330ce200cc189ae64ebdf41fc,2f47647508381809be04b091b6ca7784,-7
262,3152e9c330ce200cc189ae64ebdf41fc,4121c3bfb44f9d3a3151b212f31e7e04,-9
263,3152e9c330ce200cc189ae64ebdf41fc,92dcab554aa5587162253437a4e485c6,-9
264,3152e9c330ce200cc189ae64ebdf41fc,6601540cadf11d946589194c685da2bf,16
265,3152e9c330ce200cc189ae64ebdf41fc,0b0922346df190dd8f900c44c1fae592,11
266,3152e9c330ce200cc189ae64ebdf41fc,f666125388be8d19b945f07d44610948,9
267,3152e9c330ce200cc189ae64ebdf41fc,f186747d3ece1e28b37719c9da06d18f,6
268,3152e9c330ce200cc189ae64ebdf41fc,a1b3d414dba333bb2413b054b8460c07,3
269,3152e9c330ce200cc189ae64ebdf41fc,601a72cc4a6a409c9463e1a59a01fa29,0
270,3152e9c330ce200cc189ae64ebdf41fc,d5f8cba7dd4e0eaf23240e6eb5540d92,0
271,3152e9c330ce200cc189ae64ebdf41fc,74c4ae2b904d732ede2f08765d27deea,-3
272,3152e9c330ce200cc189ae64ebdf41fc,1661bd9c6b04cf1cc9aa15decef3c294,-5
273,3152e9c330ce200cc189ae64ebdf41fc,7f4090b5116c7fb52170667f3a30d2c6,-7
274,33f631fec90cc1f08bb16cff5ed52f9b,7021635e4c42453f92b82fe89cfffa35,16
275,33f631fec90cc1f08bb16cff5ed52f9b,b07ed3ce0e4991320064795011f02d4d,15
276,33f631fec90cc1f08bb16cff5ed52f9b,91a259d73f01cc44ea00b70444bdac89,12
277,33f631fec90cc1f08bb16cff5ed52f9b,38165bacb00c27108cc23681972ee9ab,11
278,33f631fec90cc1f08bb16cff5ed52f9b,c493d9929037f011bcb3ff8a2e468c6a,9
279,33f631fec90cc1f08bb16cff5ed52f9b,9cdb7fcbb36cb039e63ea8074df32a81,-1
280,33f631fec90cc1f08bb16cff5ed52f9b,6d8221ca1af17d191a7a0bdc27ce61aa,-1
281,33f631fec90cc1f08bb16cff5ed52f9b,293f2b24a7c44b0d65cd9ac09b680ffc,-3
282,33f631fec90cc1f08bb16cff5ed52f9b,a21d7d83ae1fb9bc438e87b06072efbb,-6
283,33f631fec90cc1f08bb16cff5ed52f9b,4b095e823bb1b4857a50d41a511930d4,-7
284,33f631fec90cc1f08bb16cff5ed52f9b,c5c6264e03c7fb09cb1cc56249900c17,6
285,33f631fec90cc1f08bb16cff5ed52f9b,0f79f5ac1d01d9639c74a0cce4a8c7b3,5
286,33f631fec90cc1f08bb16cff5ed52f9b,6f223e85f3b3c72a7ce29a142767e806,5
287,33f631fec90cc1f08bb16cff5ed52f9b,5f6c28ea1939903f51fbff12de4aa7c2,0
288,33f631fec90cc1f08bb16cff5ed52f9b,f2f904a986118f6e2e67da38c64ffe81,-12
289,33f631fec90cc1f08bb16cff5ed52f9b,5e0158b93a72b41987eec3429fb2038f,-14
290,33f631fec90cc1f08bb16cff5ed52f9b,91d86c8bc25e3813bbae2f4e6c70753a,-14
291,33f631fec90cc1f08bb16cff5ed52f9b,7456d0c6cf404d5d6321c7332391f09a,-21
292,345f285f7c654bf7a03e940a9bc923c3,6a20279d61d8be94ea457bb5f6fe077a,1
293,345f285f7c654bf7a03e940a9bc923c3,53502b8d547e58de75cb1622f66cae09,-2
294,345f285f7c654bf7a03e940a9bc923c3,4eff0c7b3c32f68bfece327044b47b49,-3
295,345f285f7c654bf7a03e940a9bc923c3,4a34b108d006b92660ec7593dde29e0d,-3
296,345f285f7c654bf7a03e940a9bc923c3,59f29037d9dc9165fb360b9b3612d919,-3
297,345f285f7c654bf7a03e940a9bc923c3,0f02d616e027988803324c84e8951a0e,-3
298,345f285f7c654bf7a03e940a9bc923c3,73cae0c04831cfb8dd47d5f41faf277f,-4
299,345f285f7c654bf7a03e940a9bc923c3,36d0e99d34dfb110a853cd2892065234,-4
300,345f285f7c654bf7a03e940a9bc923c3,30f38d775cff2a96532ccc7c5e48c48b,-7
301,345f285f7c654bf7a03e940a9bc923c3,862015a22d1dd86103d865691dab92f0,-8
302,345f285f7c654bf7a03e940a9bc923c3,52af793d0eeef92b05ce0d6b01cf2542,-10
303,345f285f7c654bf7a03e940a9bc923c3,ad6a98bfd42a5a831a1a3401eaf96785,-10
304,345f285f7c654bf7a03e940a9bc923c3,05c7b48e2ce68df138826699856fe6a5,-14
305,345f285f7c654bf7a03e940a9bc923c3,1f8e6e61eb13aa30f5384a7e6716ec19,10
306,345f285f7c654bf7a03e940a9bc923c3,23d30ea674e3a1374d4ea788452ad6bb,9
307,345f285f7c654bf7a03e940a9bc923c3,8628c4223c91b8f171a7f25e9bbd866b,9
308,345f285f7c654bf7a03e940a9bc923c3,056755eee40e0ae3ce0cebd5b9053a3c,8
309,345f285f7c654bf7a03e940a9bc923c3,f6d83f1f77d73b0146900666f34e9f01,8
310,345f285f7c654bf7a03e940a9bc923c3,1a1e3356af50591d6d13df1f919288c5,8
311,345f285f7c654bf7a03e940a9bc923c3,27dad82447628aaa7e5a3ade0259bda7,6
312,345f285f7c654bf7a03e940a9bc923c3,677378538fa929f6c5568cafa2914c83,6
313,345f285f7c654bf7a03e940a9bc923c3,fd8b5b53146b42edda07a15e27051bca,4
314,345f285f7c654bf7a03e940a9bc923c3,fd3a01d2c35cb46d49e9b2fe6fefea69,4
315,345f285f7c654bf7a03e940a9bc923c3,c014e84aa77975fc1c2744e6b9f3270e,3
316,345f285f7c654bf7a03e940a9bc923c3,7ed981d8ac6a49c95a4387973bd1ba42,-1
317,345f285f7c654bf7a03e940a9bc923c3,ed343691d2b2712df2037aa5c1a0f9ab,-4
318,3b753670a0d0df2c35c7ce2e0bc94e6c,b288a5a2a8615f37ae77f3ce71f061e8,8
319,3b753670a0d0df2c35c7ce2e0bc94e6c,cc2c9a0eec200fae9bebb80d56d93b8c,7
320,3b753670a0d0df2c35c7ce2e0bc94e6c,0a7ae25da315e35e903233b4bb2252da,6
321,3b753670a0d0df2c35c7ce2e0bc94e6c,3d9bcb1390d5efea6bbce4aac0952178,5
322,3b753670a0d0df2c35c7ce2e0bc94e6c,dfc487cf688d18f2a848bbf05e7a9f47,1
323,3b753670a0d0df2c35c7ce2e0bc94e6c,66c0552461f4db5611a978058e90b8b4,-3
324,3b753670a0d0df2c35c7ce2e0bc94e6c,ea16528886a6058e0d8133e78bec598e,-9
325,3b753670a0d0df2c35c7ce2e0bc94e6c,515b44596849db9f6f2b360c576398fc,-12
326,3b753670a0d0df2c35c7ce2e0bc94e6c,c5f7286d166ca7f627e83c354c8e4f2a,-15
327,3b753670a0d0df2c35c7ce2e0bc94e6c,852c9de6c917694981f071bc5eb58326,-16
328,3b753670a0d0df2c35c7ce2e0bc94e6c,9cdb7fcbb36cb039e63ea8074df32a81,-17
329,3b753670a0d0df2c35c7ce2e0bc94e6c,963242c7a25ba9a70b245f482e960e75,16
330,3b753670a0d0df2c35c7ce2e0bc94e6c,395b23ca47bf87d3370feaecbbc11676,15
331,3b753670a0d0df2c35c7ce2e0bc94e6c,34c6c550fe96c36bdf86c24a0488fffc,11
332,3b753670a0d0df2c35c7ce2e0bc94e6c,a07fb375dddea9eb7ca13848b9941daf,7
333,3b753670a0d0df2c35c7ce2e0bc94e6c,335ab92f9ddc2954a236a5aaac332ba7,6
334,3b753670a0d0df2c35c7ce2e0bc94e6c,28cb486490a46a6228131b482be79bba,2
335,3b753670a0d0df2c35c7ce2e0bc94e6c,c3e7c28936c338dfd5131e63d2ad626a,1
336,3b753670a0d0df2c35c7ce2e0bc94e6c,048d36fcccd8d3c22d26e353ed176604,1
337,3b753670a0d0df2c35c7ce2e0bc94e6c,6ca1613533eb84c8e5a99f443e9b5cde,-6
338,3b753670a0d0df2c35c7ce2e0bc94e6c,2589603a6d7a0aaeb9112f8ee416cebe,-8
339,56ccfaf0adead6f4c7236a01ca0cfbdc,387d067091bd3a9264576ddb74759f5f,21
340,56ccfaf0adead6f4c7236a01ca0cfbdc,17651fd844ca9177694e0fe8e13ade03,20
341,56ccfaf0adead6f4c7236a01ca0cfbdc,e688b1a601a44fb2ac79c58bf6c89e8b,19
342,56ccfaf0adead6f4c7236a01ca0cfbdc,2b8bdfc64f41d1adefabcf7e0667a618,18
343,56ccfaf0adead6f4c7236a01ca0cfbdc,f5f1164263044fc2ee91242daa221045,12
344,56ccfaf0adead6f4c7236a01ca0cfbdc,5fe2b12999c5b4a17dba17cb76b0cfbc,11
345,56ccfaf0adead6f4c7236a01ca0cfbdc,43a74f78a8e39c7fb0ad193fb24f52ba,10
346,56ccfaf0adead6f4c7236a01ca0cfbdc,257b19b06545dcb0a4eb3a01d7952eed,3
347,56ccfaf0adead6f4c7236a01ca0cfbdc,cc770adb9f49dec34c5f80808fdfd418,-7
348,56ccfaf0adead6f4c7236a01ca0cfbdc,52f149c66e930e899eb96964f0e9d78b,-8
349,56ccfaf0adead6f4c7236a01ca0cfbdc,efccee5aa58785e3778eb8d773dfa791,-8
350,56ccfaf0adead6f4c7236a01ca0cfbdc,ab1aaee5e4a6d0121e58866080be4ca8,-9
351,56ccfaf0adead6f4c7236a01ca0cfbdc,58a634d96007527e1989120fe42d1072,-12
352,56ccfaf0adead6f4c7236a01ca0cfbdc,100cf64c65b01e459c9fdda0f8b75061,9
353,56ccfaf0adead6f4c7236a01ca0cfbdc,64b5b3b574055d3d0e71c4c9b5f48498,8
354,56ccfaf0adead6f4c7236a01ca0cfbdc,6becc2cf336cee342d817b90d632ae14,6
355,56ccfaf0adead6f4c7236a01ca0cfbdc,5b82a306c99fa6afb74114ad40c19c94,5
356,56ccfaf0adead6f4c7236a01ca0cfbdc,6928f97f25cd10ae4343eb4aedcd1c93,4
357,56ccfaf0adead6f4c7236a01ca0cfbdc,085beb037fb1e12196085f66c9761cd4,-11
358,56ccfaf0adead6f4c7236a01ca0cfbdc,a82c2c880ccf01c25e5ffa252551a612,-13
359,56ccfaf0adead6f4c7236a01ca0cfbdc,1e5a19729df6e4496686d9356be411ca,-14
360,56ccfaf0adead6f4c7236a01ca0cfbdc,4d371dbb9d07b0a451e6a253244d3079,-14
361,56ccfaf0adead6f4c7236a01ca0cfbdc,e546fc654970cfc01f73c0d73250e97b,-15
362,56ccfaf0adead6f4c7236a01ca0cfbdc,3d6fa00462bffd51ce5cf6612ec9026a,-16
363,56ccfaf0adead6f4c7236a01ca0cfbdc,171fe637accecc29979e5408595de077,-19
364,598a55c8bf052d039d0fb4ff1a62f98a,0c2d9d598f919d635d1f230ea475ef04,-6
365,598a55c8bf052d039d0fb4ff1a62f98a,4c7117e85936b9b1c9c436394c9cdd0e,-15
366,598a55c8bf052d039d0fb4ff1a62f98a,0b0dfe077fd547134c4b631cc7008465,-17
367,598a55c8bf052d039d0fb4ff1a62f98a,83276e13d34f364faa3a24cecec245e1,-19
368,598a55c8bf052d039d0fb4ff1a62f98a,e6d3fc584789b9b914791ec969a8d5a4,-20
369,598a55c8bf052d039d0fb4ff1a62f98a,d29058993b5746d37d0fd5348c5018e2,-22
370,598a55c8bf052d039d0fb4ff1a62f98a,fcca0a6b42249d73d83db4651c1c1c91,-22
371,598a55c8bf052d039d0fb4ff1a62f98a,7e0fe3d0e532a5786e2eec9b5d1bedc6,-27
372,598a55c8bf052d039d0fb4ff1a62f98a,c5a353e301078ea1cb4e8bc8fede12e9,-30
373,598a55c8bf052d039d0fb4ff1a62f98a,461d33b042b3c349d69980f89e06f582,-33
374,598a55c8bf052d039d0fb4ff1a62f98a,7c1c2ad6f3088c952dffd0335bb3af9b,-33
375,598a55c8bf052d039d0fb4ff1a62f98a,3637dae74ec0bcaa39275df5ef7bea71,-41
376,598a55c8bf052d039d0fb4ff1a62f98a,6284f9ad059fd7910f24ab69df891760,42
377,598a55c8bf052d039d0fb4ff1a62f98a,d74c692dc5f817e5d6598338b24e1035,42
378,598a55c8bf052d039d0fb4ff1a62f98a,79af15b6a2238e81cd52b99490ed2709,34
379,598a55c8bf052d039d0fb4ff1a62f98a,501e22e48df13d5a5b2b85a08c6d2ca9,26
380,598a55c8bf052d039d0fb4ff1a62f98a,cc6c4b67ac08f33590e75e9474122fc4,23
381,598a55c8bf052d039d0fb4ff1a62f98a,b02d6090eb1155aab0614815c9f9ad73,21
382,598a55c8bf052d039d0fb4ff1a62f98a,93130c3cfa0d9d9a7635a085c3be99a1,21
383,598a55c8bf052d039d0fb4ff1a62f98a,3cc886aecaeb231f093c5bdded29d2dd,18
384,598a55c8bf052d039d0fb4ff1a62f98a,6b6a2da75825a3f756d32b57a6267460,18
385,598a55c8bf052d039d0fb4ff1a62f98a,fa59d02355adde510fbf3dd7a0b0930d,17
386,598a55c8bf052d039d0fb4ff1a62f98a,66c69301f757e48e6b780927b5a55e11,10
387,598a55c8bf052d039d0fb4ff1a62f98a,3f67235a5607746cc215eee5dd447a5e,8
388,598a55c8bf052d039d0fb4ff1a62f98a,061db8cbef53aa3743c9f53cb392c1bc,5
389,7fad2269ee0d11ae5069ff23ecb25913,a1b3d414dba333bb2413b054b8460c07,26
390,7fad2269ee0d11ae5069ff23ecb25913,0b0922346df190dd8f900c44c1fae592,26
391,7fad2269ee0d11ae5069ff23ecb25913,f186747d3ece1e28b37719c9da06d18f,25
392,7fad2269ee0d11ae5069ff23ecb25913,f666125388be8d19b945f07d44610948,22
393,7fad2269ee0d11ae5069ff23ecb25913,6601540cadf11d946589194c685da2bf,21
394,7fad2269ee0d11ae5069ff23ecb25913,601a72cc4a6a409c9463e1a59a01fa29,13
395,7fad2269ee0d11ae5069ff23ecb25913,d5f8cba7dd4e0eaf23240e6eb5540d92,3
396,7fad2269ee0d11ae5069ff23ecb25913,7f4090b5116c7fb52170667f3a30d2c6,-1
397,7fad2269ee0d11ae5069ff23ecb25913,1661bd9c6b04cf1cc9aa15decef3c294,-4
398,7fad2269ee0d11ae5069ff23ecb25913,6bd1756435a0433f9e007e173c78a407,-5
399,7fad2269ee0d11ae5069ff23ecb25913,8ac430587c75579c9d99eba78169afdc,-6
400,7fad2269ee0d11ae5069ff23ecb25913,02c4c706481eedebb00f53520176f60e,-9
401,7fad2269ee0d11ae5069ff23ecb25913,64b5b3b574055d3d0e71c4c9b5f48498,-12
402,7fad2269ee0d11ae5069ff23ecb25913,100cf64c65b01e459c9fdda0f8b75061,-14
403,7fad2269ee0d11ae5069ff23ecb25913,0b9f9787580f7ca0dbba7a0eb39b1c4d,-16
404,7fad2269ee0d11ae5069ff23ecb25913,fa5ca757de7c6c5ec97900bcabbc146e,-17
405,7fad2269ee0d11ae5069ff23ecb25913,3d6fa00462bffd51ce5cf6612ec9026a,-25
406,7fad2269ee0d11ae5069ff23ecb25913,5b82a306c99fa6afb74114ad40c19c94,-27
407,87d1574f478f37d13789284b96b4f6cb,2d9594e4d250679e7a3383ad5ccd2f44,13
408,87d1574f478f37d13789284b96b4f6cb,1362d9ad805e7cc4ea3a9467c91142d6,8
409,87d1574f478f37d13789284b96b4f6cb,5234e98b6206eb09c43f8cf19ae9d6ef,5
410,87d1574f478f37d13789284b96b4f6cb,8669ba66385e8896db72f69bf95d7ca9,4
411,87d1574f478f37d13789284b96b4f6cb,2b313e2bcef0268bc8e9415132ba9997,-5
412,87d1574f478f37d13789284b96b4f6cb,a99f44bbff39e352191a870e17f04537,-6
413,87d1574f478f37d13789284b96b4f6cb,b2fada91a0c8a0f400623c425286ae2e,-10
414,87d1574f478f37d13789284b96b4f6cb,881f83d2dee3f18c7d1751659406144e,-12
415,87d1574f478f37d13789284b96b4f6cb,f1b33b117f9ae58f140d9581c329452a,-20
416,87d1574f478f37d13789284b96b4f6cb,6bf40f9c2b640febc71d1393fb24d894,-27
417,87d1574f478f37d13789284b96b4f6cb,314c71574689f752c17b83cd6a4d770e,-27
418,87d1574f478f37d13789284b96b4f6cb,cec898a1d355dbfbad8c760615fde1af,-33
419,87d1574f478f37d13789284b96b4f6cb,317a4d61e1dd679f93b3628f3e35e0d0,33
420,87d1574f478f37d13789284b96b4f6cb,2f47647508381809be04b091b6ca7784,32
421,87d1574f478f37d13789284b96b4f6cb,5e6c9c4441186264607c60fcc533574c,29
422,87d1574f478f37d13789284b96b4f6cb,978f65d65974dcaaea595daaa1b35a2a,24
423,87d1574f478f37d13789284b96b4f6cb,90329ef6783257720e881642b13afcf1,16
424,87d1574f478f37d13789284b96b4f6cb,9b85cb9662c0d65b722d77aea12f3f13,15
425,87d1574f478f37d13789284b96b4f6cb,4121c3bfb44f9d3a3151b212f31e7e04,9
426,87d1574f478f37d13789284b96b4f6cb,5cfae6b3803440cb1d87ceead6aad4eb,4
427,87d1574f478f37d13789284b96b4f6cb,2a3cecf791ee8e19a105d8ff8a3296ef,-9
428,87d1574f478f37d13789284b96b4f6cb,928d7057f3a2b03d6e1574c5a55d0a54,-11
429,87d1574f478f37d13789284b96b4f6cb,249de90677348e56e1f8c68e67edd04f,-16
430,87d1574f478f37d13789284b96b4f6cb,74830bfa36f9e2005b3b6beb635e80f5,-16
431,88012a99d7fd1c169e2360aa5cdf8bfa,c5c6264e03c7fb09cb1cc56249900c17,1
432,88012a99d7fd1c169e2360aa5cdf8bfa,35ca3467b0fbb6a737c25f3f4ca5b2a8,1
433,88012a99d7fd1c169e2360aa5cdf8bfa,89c04f26448f309cd55b487b0722bdad,-2
434,88012a99d7fd1c169e2360aa5cdf8bfa,8744a467351282b52f1708ab0fac2e34,-6
435,88012a99d7fd1c169e2360aa5cdf8bfa,173f319db1edc802bf85ecff4a759d8c,-8
436,88012a99d7fd1c169e2360aa5cdf8bfa,6747ed60ebf43c90d3329c9d744662cb,-9
437,88012a99d7fd1c169e2360aa5cdf8bfa,9d54ec2880190738ff0b490850aa21ef,-14
438,88012a99d7fd1c169e2360aa5cdf8bfa,efa17727bd73df9be0622d56ec5e7f15,-23
439,88012a99d7fd1c169e2360aa5cdf8bfa,ff9ea417d5345bb5e4e6ec152ae2358f,-30
440,88012a99d7fd1c169e2360aa5cdf8bfa,b720c3a8a48569f1b468a00ac07c5f7f,23
441,88012a99d7fd1c169e2360aa5cdf8bfa,0f79f5ac1d01d9639c74a0cce4a8c7b3,20
442,88012a99d7fd1c169e2360aa5cdf8bfa,bd24c26a700dff3c6b0812c487f621af,15
443,88012a99d7fd1c169e2360aa5cdf8bfa,1f84a5c60249c938433f6398e80521ae,12
444,88012a99d7fd1c169e2360aa5cdf8bfa,5f6c28ea1939903f51fbff12de4aa7c2,12
445,88012a99d7fd1c169e2360aa5cdf8bfa,8a52b66854fe9b529941aae5668ff4aa,12
446,88012a99d7fd1c169e2360aa5cdf8bfa,5e0158b93a72b41987eec3429fb2038f,7
447,88012a99d7fd1c169e2360aa5cdf8bfa,7456d0c6cf404d5d6321c7332391f09a,0
448,88012a99d7fd1c169e2360aa5cdf8bfa,f2f904a986118f6e2e67da38c64ffe81,-2
449,88012a99d7fd1c169e2360aa5cdf8bfa,6f223e85f3b3c72a7ce29a142767e806,-4
450,88012a99d7fd1c169e2360aa5cdf8bfa,e9ae81cd14e76a11c325b7fb42611e06,-5
451,896bcac9b0f35b250c9fb7a6325d8599,a1b3d414dba333bb2413b054b8460c07,25
452,896bcac9b0f35b250c9fb7a6325d8599,0b0922346df190dd8f900c44c1fae592,24
453,896bcac9b0f35b250c9fb7a6325d8599,f186747d3ece1e28b37719c9da06d18f,22
454,896bcac9b0f35b250c9fb7a6325d8599,f666125388be8d19b945f07d44610948,21
455,896bcac9b0f35b250c9fb7a6325d8599,601a72cc4a6a409c9463e1a59a01fa29,20
456,896bcac9b0f35b250c9fb7a6325d8599,6601540cadf11d946589194c685da2bf,14
457,896bcac9b0f35b250c9fb7a6325d8599,1661bd9c6b04cf1cc9aa15decef3c294,13
458,896bcac9b0f35b250c9fb7a6325d8599,74c4ae2b904d732ede2f08765d27deea,13
459,896bcac9b0f35b250c9fb7a6325d8599,d5f8cba7dd4e0eaf23240e6eb5540d92,12
460,896bcac9b0f35b250c9fb7a6325d8599,7f4090b5116c7fb52170667f3a30d2c6,9
461,896bcac9b0f35b250c9fb7a6325d8599,8ac430587c75579c9d99eba78169afdc,-3
462,896bcac9b0f35b250c9fb7a6325d8599,c149a245aa42a54348d9f4534c182e22,7
463,896bcac9b0f35b250c9fb7a6325d8599,e96dc78c444bead3a3e7d169f2fa6e07,5
464,896bcac9b0f35b250c9fb7a6325d8599,2f1121d01dbff3e3dd6f17841dd34120,1
465,896bcac9b0f35b250c9fb7a6325d8599,cbc1063c3b1731493f5de7dcd822a193,-12
466,896bcac9b0f35b250c9fb7a6325d8599,4341f809d409ac17565852620cf80cbd,-14
467,896bcac9b0f35b250c9fb7a6325d8599,011ffbd69cd25a2324c720b64f31712a,-15
468,896bcac9b0f35b250c9fb7a6325d8599,2bff96fb00704f4d84b67d3ec95db8fd,-19
469,896bcac9b0f35b250c9fb7a6325d8599,c6a9f7baaf3b88105816cf658c0cf7e8,-21
470,896bcac9b0f35b250c9fb7a6325d8599,57ed4bb35e7cef3fc5f579bd119ceeca,-21
471,896bcac9b0f35b250c9fb7a6325d8599,c6199433c79a95a34133f86971a148b1,-24
472,896bcac9b0f35b250c9fb7a6325d8599,b90945b4a95bfc10ffc239ec4eac211d,-27
473,896bcac9b0f35b250c9fb7a6325d8599,70f7e0aad42e27aacb7490d349a4b233,-30
474,8fd2943309c7accc78b41e047e1e9393,2483495fb67054a3b6faa2c2bf8249e3,8
475,8fd2943309c7accc78b41e047e1e9393,25f9b9aedb2a8c72079ebd39a3ff4c8c,6
476,8fd2943309c7accc78b41e047e1e9393,ea16528886a6058e0d8133e78bec598e,4
477,8fd2943309c7accc78b41e047e1e9393,0d4f00ab57bedad897a0aecf8dfa692f,4
478,8fd2943309c7accc78b41e047e1e9393,cbd8848dea8700073ef1dbb218821339,4
479,8fd2943309c7accc78b41e047e1e9393,435985eef272a7b0ce81ae80508e90bf,-10
480,8fd2943309c7accc78b41e047e1e9393,825e2645d764579a9917c71844043eba,-12
481,8fd2943309c7accc78b41e047e1e9393,30ffeac1e06740482da5c4f0dd3454ad,-12
482,8fd2943309c7accc78b41e047e1e9393,f974c6b5a65a034a866cd58014d6fbe3,-12
483,8fd2943309c7accc78b41e047e1e9393,54585b803d43739f9a55ac96da873fbf,-20
484,8fd2943309c7accc78b41e047e1e9393,c1fe6ed491d04e3cdf50755dff23b263,11
485,8fd2943309c7accc78b41e047e1e9393,603daefb2fa321f3abab289805fdcc25,11
486,8fd2943309c7accc78b41e047e1e9393,60b5f9f68ccbbf7ba3fa13a2189e2775,10
487,8fd2943309c7accc78b41e047e1e9393,8bb18fb1d0cc10c985afa823ecec6d18,5
488,8fd2943309c7accc78b41e047e1e9393,c00264c3114d23bac482e9de50fb7d28,4
489,8fd2943309c7accc78b41e047e1e9393,307beab25b1021a548b4a47550bc4b25,3
490,8fd2943309c7accc78b41e047e1e9393,dd5c21b550fa5e029f561a830763acbc,2
491,8fd2943309c7accc78b41e047e1e9393,33963fe856a1523ff46438ba07d1d99f,1
492,8fd2943309c7accc78b41e047e1e9393,57bbd7e30bc694aeee9ee40c583e6811,-3
493,8fd2943309c7accc78b41e047e1e9393,27ea17a8685c4919f157e83fe9cb2d9e,-4
494,9db75b921076b5848cba7ca36436147c,9205d55e83f96be2290f1e8849e9f062,41
495,9db75b921076b5848cba7ca36436147c,0c2d9d598f919d635d1f230ea475ef04,40
496,9db75b921076b5848cba7ca36436147c,0468a7cae6489acd7294600e8bad8b32,37
497,9db75b921076b5848cba7ca36436147c,3637dae74ec0bcaa39275df5ef7bea71,23
498,9db75b921076b5848cba7ca36436147c,c5a353e301078ea1cb4e8bc8fede12e9,21
499,9db75b921076b5848cba7ca36436147c,83276e13d34f364faa3a24cecec245e1,20
500,9db75b921076b5848cba7ca36436147c,461d33b042b3c349d69980f89e06f582,15
501,9db75b921076b5848cba7ca36436147c,e6d3fc584789b9b914791ec969a8d5a4,4
502,9db75b921076b5848cba7ca36436147c,7c1c2ad6f3088c952dffd0335bb3af9b,-3
503,9db75b921076b5848cba7ca36436147c,fcca0a6b42249d73d83db4651c1c1c91,-8
504,9db75b921076b5848cba7ca36436147c,84a4a3c70c57b7d570baca43b5423ba3,-1
505,9db75b921076b5848cba7ca36436147c,71cd93e320cd2da78733d23dae3274a0,-7
506,9db75b921076b5848cba7ca36436147c,6350927cc9834a3a61e079a87de2470c,-8
507,9db75b921076b5848cba7ca36436147c,d1af6080bd4b6a794ba3595dab2b1fb8,-10
508,9db75b921076b5848cba7ca36436147c,952cb62f00fbb58407f3a7cd89c3a7bf,-13
509,9db75b921076b5848cba7ca36436147c,00d19f69501c09d98507b48ceff105e6,-13
510,9db75b921076b5848cba7ca36436147c,1376b4800e5b2d50ce35a57827eadcfc,-17
511,9db75b921076b5848cba7ca36436147c,8bea2707e7bf04c8a3d8188b87d92c0e,-18
512,9db75b921076b5848cba7ca36436147c,e2d5a38e5f826708c89f2f728eade916,-20
513,9db75b921076b5848cba7ca36436147c,b248b1d9caa41a3562d67584c1a0b399,-22
514,9db75b921076b5848cba7ca36436147c,6b08fc64c8d282c36e800d28eb278027,-29
515,9db75b921076b5848cba7ca36436147c,1e76e7a4a5b6d17e67172710d86b6b51,-32
516,9dce47bc3cbabd451a9bab758ca5467f,e2d5a38e5f826708c89f2f728eade916,11
517,9dce47bc3cbabd451a9bab758ca5467f,8bea2707e7bf04c8a3d8188b87d92c0e,11
518,9dce47bc3cbabd451a9bab758ca5467f,6b08fc64c8d282c36e800d28eb278027,9
519,9dce47bc3cbabd451a9bab758ca5467f,71cd93e320cd2da78733d23dae3274a0,6
520,9dce47bc3cbabd451a9bab758ca5467f,d2a15fd08b7e2fce833c736710c3fd5e,-1
521,9dce47bc3cbabd451a9bab758ca5467f,1376b4800e5b2d50ce35a57827eadcfc,-3
522,9dce47bc3cbabd451a9bab758ca5467f,b248b1d9caa41a3562d67584c1a0b399,-11
523,9dce47bc3cbabd451a9bab758ca5467f,81e57235a0f7d2ad49e275ae41070094,-11
524,9dce47bc3cbabd451a9bab758ca5467f,6350927cc9834a3a61e079a87de2470c,-11
525,9dce47bc3cbabd451a9bab758ca5467f,d1af6080bd4b6a794ba3595dab2b1fb8,-13
526,9dce47bc3cbabd451a9bab758ca5467f,0328d04afb4a867fdabad5bdf2ae8ec2,-15
527,9dce47bc3cbabd451a9bab758ca5467f,84a4a3c70c57b7d570baca43b5423ba3,-16
528,9dce47bc3cbabd451a9bab758ca5467f,00d19f69501c09d98507b48ceff105e6,-21
529,9dce47bc3cbabd451a9bab758ca5467f,ea42a84dd3eb3284472048639ee676fd,21
530,9dce47bc3cbabd451a9bab758ca5467f,e2e8d3e46399c9cfcdd591a26e81cf5f,17
531,9dce47bc3cbabd451a9bab758ca5467f,e96dc78c444bead3a3e7d169f2fa6e07,14
532,9dce47bc3cbabd451a9bab758ca5467f,c149a245aa42a54348d9f4534c182e22,13
533,9dce47bc3cbabd451a9bab758ca5467f,35ca3467b0fbb6a737c25f3f4ca5b2a8,11
534,9dce47bc3cbabd451a9bab758ca5467f,2f1121d01dbff3e3dd6f17841dd34120,11
535,9dce47bc3cbabd451a9bab758ca5467f,4341f809d409ac17565852620cf80cbd,0
536,9dce47bc3cbabd451a9bab758ca5467f,cbc1063c3b1731493f5de7dcd822a193,-4
537,9dce47bc3cbabd451a9bab758ca5467f,4dda057700cc34ac57fede94ff8c0652,-7
538,9dce47bc3cbabd451a9bab758ca5467f,d6bc5eb6ed54c734628cb4d237f99031,-11
539,a109cef8327feae75c3e4885cb4c6e2d,039bd19014e6cfcf867f442aa412ad6a,15
540,a109cef8327feae75c3e4885cb4c6e2d,2f04dbbabeefc1447ca06ae228d8b42c,13
541,a109cef8327feae75c3e4885cb4c6e2d,93cccaa284535f9bef1dbce1d6adfb34,10
542,a109cef8327feae75c3e4885cb4c6e2d,522a32a0442e32bce9aba28ac7ba327b,10
543,a109cef8327feae75c3e4885cb4c6e2d,b0b5fb4a9b857c0cf63b80c1893bfef4,6
544,a109cef8327feae75c3e4885cb4c6e2d,aa062d0d43fb0f311e962c085e1fb744,-4
545,a109cef8327feae75c3e4885cb4c6e2d,d3e3ae70ac393f24335f922cdeec1b1a,-7
546,a109cef8327feae75c3e4885cb4c6e2d,466ef3d80ec02640eeecea72e08ad8c6,-8
547,a109cef8327feae75c3e4885cb4c6e2d,16f7d070421f93ae177d8adf1bc0edf2,-10
548,a109cef8327feae75c3e4885cb4c6e2d,5806209d46068008b4ccafa90dca6469,8
549,a109cef8327feae75c3e4885cb4c6e2d,ed343691d2b2712df2037aa5c1a0f9ab,5
550,a109cef8327feae75c3e4885cb4c6e2d,27dad82447628aaa7e5a3ade0259bda7,4
551,a109cef8327feae75c3e4885cb4c6e2d,7ed981d8ac6a49c95a4387973bd1ba42,-1
552,a109cef8327feae75c3e4885cb4c6e2d,23d30ea674e3a1374d4ea788452ad6bb,-1
553,a109cef8327feae75c3e4885cb4c6e2d,fd3a01d2c35cb46d49e9b2fe6fefea69,-5
554,a109cef8327feae75c3e4885cb4c6e2d,fd8b5b53146b42edda07a15e27051bca,-5
555,a109cef8327feae75c3e4885cb4c6e2d,f6d83f1f77d73b0146900666f34e9f01,-6
556,a109cef8327feae75c3e4885cb4c6e2d,c014e84aa77975fc1c2744e6b9f3270e,-10
557,a109cef8327feae75c3e4885cb4c6e2d,056755eee40e0ae3ce0cebd5b9053a3c,-14
558,a32200385b4594cb11f8a19e92c96835,068cc724c0bdf4a9fc56d2eb2d88fb0f,6
559,a32200385b4594cb11f8a19e92c96835,d410d3fcb5d2bcc23387a9d34650c16b,4
560,a32200385b4594cb11f8a19e92c96835,2dccc7085f3e5aa5a404fa6ef1bdd672,2
561,a32200385b4594cb11f8a19e92c96835,7d2101502c53723c2aaf2a8e5f150d97,1
562,a32200385b4594cb11f8a19e92c96835,479986fc12b02040302f3d2b2a903e53,0
563,a32200385b4594cb11f8a19e92c96835,315f46f7a5e1de7ef9b4c2430ce64e2d,-4
564,a32200385b4594cb11f8a19e92c96835,ad0cbdf3bde800a9ff964cd041d26e28,-5
565,a32200385b4594cb11f8a19e92c96835,0a4bdcb73ac21ffeb164386d44212f45,-8
566,a32200385b4594cb11f8a19e92c96835,9b250b78040c544e42e67c18034f9676,-8
567,a32200385b4594cb11f8a19e92c96835,008c7fb331f92d216799d21a9104231a,-9
568,a32200385b4594cb11f8a19e92c96835,3db8556c1f1efeb42aa762e45e2b25d4,-9
569,a32200385b4594cb11f8a19e92c96835,bd24c26a700dff3c6b0812c487f621af,12
570,a32200385b4594cb11f8a19e92c96835,0f79f5ac1d01d9639c74a0cce4a8c7b3,8
571,a32200385b4594cb11f8a19e92c96835,7456d0c6cf404d5d6321c7332391f09a,6
572,a32200385b4594cb11f8a19e92c96835,b720c3a8a48569f1b468a00ac07c5f7f,5
573,a32200385b4594cb11f8a19e92c96835,f2f904a986118f6e2e67da38c64ffe81,3
574,a32200385b4594cb11f8a19e92c96835,6f223e85f3b3c72a7ce29a142767e806,3
575,a32200385b4594cb11f8a19e92c96835,8a52b66854fe9b529941aae5668ff4aa,3
576,a32200385b4594cb11f8a19e92c96835,5f6c28ea1939903f51fbff12de4aa7c2,-2
577,a32200385b4594cb11f8a19e92c96835,e9ae81cd14e76a11c325b7fb42611e06,-2
578,a32200385b4594cb11f8a19e92c96835,91d86c8bc25e3813bbae2f4e6c70753a,-6
579,a442eeb8e92d2941addba3996bd7d0a0,0a4bdcb73ac21ffeb164386d44212f45,8
580,a442eeb8e92d2941addba3996bd7d0a0,07695ef9feebc6ba02831f0f3c22662a,7
581,a442eeb8e92d2941addba3996bd7d0a0,008c7fb331f92d216799d21a9104231a,6
582,a442eeb8e92d2941addba3996bd7d0a0,c6e0c30c8c02b0706682ec89eb6fc565,3
583,a442eeb8e92d2941addba3996bd7d0a0,ad0cbdf3bde800a9ff964cd041d26e28,-2
584,a442eeb8e92d2941addba3996bd7d0a0,479986fc12b02040302f3d2b2a903e53,-9
585,a442eeb8e92d2941addba3996bd7d0a0,c17f6e6b83ccc768962046f1af1372a5,-10
586,a442eeb8e92d2941addba3996bd7d0a0,0a7bab1764e8696f355e018c6fd0e8b7,-14
587,a442eeb8e92d2941addba3996bd7d0a0,7d2101502c53723c2aaf2a8e5f150d97,-14
588,a442eeb8e92d2941addba3996bd7d0a0,3db8556c1f1efeb42aa762e45e2b25d4,-15
589,a442eeb8e92d2941addba3996bd7d0a0,cbc1063c3b1731493f5de7dcd822a193,21
590,a442eeb8e92d2941addba3996bd7d0a0,e2e8d3e46399c9cfcdd591a26e81cf5f,19
591,a442eeb8e92d2941addba3996bd7d0a0,70f7e0aad42e27aacb7490d349a4b233,16
592,a442eeb8e92d2941addba3996bd7d0a0,b90945b4a95bfc10ffc239ec4eac211d,7
593,a442eeb8e92d2941addba3996bd7d0a0,011ffbd69cd25a2324c720b64f31712a,5
594,a442eeb8e92d2941addba3996bd7d0a0,c6199433c79a95a34133f86971a148b1,5
595,a442eeb8e92d2941addba3996bd7d0a0,ebec10a71fa69e4668ab1102ff7da2d2,5
596,a442eeb8e92d2941addba3996bd7d0a0,9d54ec2880190738ff0b490850aa21ef,-1
597,a442eeb8e92d2941addba3996bd7d0a0,2f1121d01dbff3e3dd6f17841dd34120,-2
598,a442eeb8e92d2941addba3996bd7d0a0,c6a9f7baaf3b88105816cf658c0cf7e8,-8
599,a442eeb8e92d2941addba3996bd7d0a0,4341f809d409ac17565852620cf80cbd,-12
600,a442eeb8e92d2941addba3996bd7d0a0,57ed4bb35e7cef3fc5f579bd119ceeca,-15
601,a55fe197c4ae19094a2303a950c7e70c,472dc36ed0d28b2fd318d15bbd292320,33
602,a55fe197c4ae19094a2303a950c7e70c,a30c2c75d6a204ed450a2c423c11d362,32
603,a55fe197c4ae19094a2303a950c7e70c,7367a4fcf2f4af747576b5dcb9ffdd77,30
604,a55fe197c4ae19094a2303a950c7e70c,907b36dd80d1411453e94bc61e2ca9a3,17
605,a55fe197c4ae19094a2303a950c7e70c,e1f8bfdb6088ec65d99d98570149b1f0,11
606,a55fe197c4ae19094a2303a950c7e70c,f5250354772b45edb362cd3d5286b6e0,2
607,a55fe197c4ae19094a2303a950c7e70c,e43aba9ca924c29b2a41feb7d3c8bc5b,1
608,a55fe197c4ae19094a2303a950c7e70c,1010437803b67e17a67a8966294555a7,-1
609,a55fe197c4ae19094a2303a950c7e70c,44f7d39533b8d47af9cb1dcd7b5afb25,-4
610,a55fe197c4ae19094a2303a950c7e70c,fa5ca757de7c6c5ec97900bcabbc146e,-12
611,a55fe197c4ae19094a2303a950c7e70c,0b9f9787580f7ca0dbba7a0eb39b1c4d,-14
612,a55fe197c4ae19094a2303a950c7e70c,60b5f9f68ccbbf7ba3fa13a2189e2775,12
613,a55fe197c4ae19094a2303a950c7e70c,c1fe6ed491d04e3cdf50755dff23b263,8
614,a55fe197c4ae19094a2303a950c7e70c,603daefb2fa321f3abab289805fdcc25,6
615,a55fe197c4ae19094a2303a950c7e70c,dd5c21b550fa5e029f561a830763acbc,4
616,a55fe197c4ae19094a2303a950c7e70c,5ff25817b04f08b02c9781970f1234c6,2
617,a55fe197c4ae19094a2303a950c7e70c,8bb18fb1d0cc10c985afa823ecec6d18,-3
618,a55fe197c4ae19094a2303a950c7e70c,52c2b7c1bc3d4104de29f896fc644871,-6
619,a55fe197c4ae19094a2303a950c7e70c,57bbd7e30bc694aeee9ee40c583e6811,-14
620,a55fe197c4ae19094a2303a950c7e70c,33963fe856a1523ff46438ba07d1d99f,-21
621,a55fe197c4ae19094a2303a950c7e70c,307beab25b1021a548b4a47550bc4b25,-23
622,a55fe197c4ae19094a2303a950c7e70c,c00264c3114d23bac482e9de50fb7d28,-29
623,a55fe197c4ae19094a2303a950c7e70c,27ea17a8685c4919f157e83fe9cb2d9e,-31
624,b2abcb6a29ed3d99db98084c96638bff,6de0ac647d194bdcfc0854c7ad51c44e,8
625,b2abcb6a29ed3d99db98084c96638bff,b88215f941a479097d996e4e6136d3d5,0
626,b2abcb6a29ed3d99db98084c96638bff,b1ae0bb44250b8cd2e080de545a6cd1b,-2
627,b2abcb6a29ed3d99db98084c96638bff,f74cedcf99a3aabc222398db7499bac1,-4
628,b2abcb6a29ed3d99db98084c96638bff,78b2c63af827b482d7e3ffa096f4fbd2,-5
629,b2abcb6a29ed3d99db98084c96638bff,33f469a601417bebf0be722241d131e6,-6
630,b2abcb6a29ed3d99db98084c96638bff,d7f2b465bbe159ecb83cb95d120df260,-9
631,b2abcb6a29ed3d99db98084c96638bff,321fe275d1d66f05c5014fd97e870834,-10
632,b2abcb6a29ed3d99db98084c96638bff,110efe8a264188c41b74dca2c1211247,-11
633,b2abcb6a29ed3d99db98084c96638bff,17c5b4a9be5e0fa567d3d38ca65e4005,-12
634,b2abcb6a29ed3d99db98084c96638bff,b67e5a2e593be71fe871d7d511f0ab55,-14
635,b2abcb6a29ed3d99db98084c96638bff,e5e2fb66fc3e8ee0edf076e60d343031,-20
636,b2abcb6a29ed3d99db98084c96638bff,056755eee40e0ae3ce0cebd5b9053a3c,22
637,b2abcb6a29ed3d99db98084c96638bff,7ed981d8ac6a49c95a4387973bd1ba42,19
638,b2abcb6a29ed3d99db98084c96638bff,c014e84aa77975fc1c2744e6b9f3270e,13
639,b2abcb6a29ed3d99db98084c96638bff,1f8e6e61eb13aa30f5384a7e6716ec19,10
640,b2abcb6a29ed3d99db98084c96638bff,27dad82447628aaa7e5a3ade0259bda7,7
641,b2abcb6a29ed3d99db98084c96638bff,23d30ea674e3a1374d4ea788452ad6bb,7
642,b2abcb6a29ed3d99db98084c96638bff,fd8b5b53146b42edda07a15e27051bca,5
643,b2abcb6a29ed3d99db98084c96638bff,fd3a01d2c35cb46d49e9b2fe6fefea69,5
644,b2abcb6a29ed3d99db98084c96638bff,677378538fa929f6c5568cafa2914c83,4
645,b2abcb6a29ed3d99db98084c96638bff,8628c4223c91b8f171a7f25e9bbd866b,2
646,b2abcb6a29ed3d99db98084c96638bff,c73b83c931b184e173ceb68b5ec6b66d,0
647,b2abcb6a29ed3d99db98084c96638bff,5806209d46068008b4ccafa90dca6469,-2
648,b2abcb6a29ed3d99db98084c96638bff,ed343691d2b2712df2037aa5c1a0f9ab,-7
649,b2c59cbe723394436526560db23e6a93,336ec76a9accfb5359ea7e69f2610947,19
650,b2c59cbe723394436526560db23e6a93,1278107e4a5c3735de706159c381fd82,9
651,b2c59cbe723394436526560db23e6a93,2892cf3e89fc147144ccbd45a194d64a,9
652,b2c59cbe723394436526560db23e6a93,5f2d1b7a31eb9117654c9d056093bfa5,8
653,b2c59cbe723394436526560db23e6a93,648cb1de466b2c196fcd360502c34458,8
654,b2c59cbe723394436526560db23e6a93,9075d598a348b290d9c426e41662e593,2
655,b2c59cbe723394436526560db23e6a93,050e16220dddff68fc37eca695cee3b4,1
656,b2c59cbe723394436526560db23e6a93,bc77b0f38cb51b2cfe8552000e585cbf,-1
657,b2c59cbe723394436526560db23e6a93,4596ed9dd04a94f6ad5e60ebda302350,-6
658,b2c59cbe723394436526560db23e6a93,3a8bc5d57192fa6462a9b76f2eb06563,-9
659,b2c59cbe723394436526560db23e6a93,e5e2fb66fc3e8ee0edf076e60d343031,9
660,b2c59cbe723394436526560db23e6a93,b67e5a2e593be71fe871d7d511f0ab55,1
661,b2c59cbe723394436526560db23e6a93,f74cedcf99a3aabc222398db7499bac1,0
662,b2c59cbe723394436526560db23e6a93,d7f2b465bbe159ecb83cb95d120df260,0
663,b2c59cbe723394436526560db23e6a93,321fe275d1d66f05c5014fd97e870834,-5
664,b2c59cbe723394436526560db23e6a93,17c5b4a9be5e0fa567d3d38ca65e4005,-7
665,b2c59cbe723394436526560db23e6a93,d4777cb3468137b35f7e80b7434bec27,-7
666,b2c59cbe723394436526560db23e6a93,3ac301867a2503f6aba31824dd7364db,-9
667,b2c59cbe723394436526560db23e6a93,110efe8a264188c41b74dca2c1211247,-10
668,b2c59cbe723394436526560db23e6a93,0beb157ecf02b2c67048597bb3c514b5,-12
669,bd1f8947f5541c2fb22f6328a58f4fc6,8855d25a0461a5ed487d0dbc7ad6c73b,10
670,bd1f8947f5541c2fb22f6328a58f4fc6,89c04f26448f309cd55b487b0722bdad,10
671,bd1f8947f5541c2fb22f6328a58f4fc6,35ca3467b0fbb6a737c25f3f4ca5b2a8,9
672,bd1f8947f5541c2fb22f6328a58f4fc6,efa17727bd73df9be0622d56ec5e7f15,3
673,bd1f8947f5541c2fb22f6328a58f4fc6,173f319db1edc802bf85ecff4a759d8c,2
674,bd1f8947f5541c2fb22f6328a58f4fc6,8744a467351282b52f1708ab0fac2e34,2
675,bd1f8947f5541c2fb22f6328a58f4fc6,bd20bf656b42bc62dbff50057d2b229a,1
676,bd1f8947f5541c2fb22f6328a58f4fc6,ff9ea417d5345bb5e4e6ec152ae2358f,1
677,bd1f8947f5541c2fb22f6328a58f4fc6,bb78908ffd321b2e0709b9b462786360,0
678,bd1f8947f5541c2fb22f6328a58f4fc6,d39a4c1fa31258c322488a7329674adc,-7
679,bd1f8947f5541c2fb22f6328a58f4fc6,6747ed60ebf43c90d3329c9d744662cb,-16
680,bd1f8947f5541c2fb22f6328a58f4fc6,b90945b4a95bfc10ffc239ec4eac211d,24
681,bd1f8947f5541c2fb22f6328a58f4fc6,c6a9f7baaf3b88105816cf658c0cf7e8,7
682,bd1f8947f5541c2fb22f6328a58f4fc6,4dda057700cc34ac57fede94ff8c0652,7
683,bd1f8947f5541c2fb22f6328a58f4fc6,e2e8d3e46399c9cfcdd591a26e81cf5f,-2
684,bd1f8947f5541c2fb22f6328a58f4fc6,e96dc78c444bead3a3e7d169f2fa6e07,-5
685,bd1f8947f5541c2fb22f6328a58f4fc6,57ed4bb35e7cef3fc5f579bd119ceeca,-6
686,bd1f8947f5541c2fb22f6328a58f4fc6,70f7e0aad42e27aacb7490d349a4b233,-6
687,bd1f8947f5541c2fb22f6328a58f4fc6,cbc1063c3b1731493f5de7dcd822a193,-7
688,bd1f8947f5541c2fb22f6328a58f4fc6,011ffbd69cd25a2324c720b64f31712a,-7
689,bd1f8947f5541c2fb22f6328a58f4fc6,2f1121d01dbff3e3dd6f17841dd34120,-9
690,bd1f8947f5541c2fb22f6328a58f4fc6,4341f809d409ac17565852620cf80cbd,-11
691,be5f61a5354154b3d7cba7536f189e2f,4a34b108d006b92660ec7593dde29e0d,25
692,be5f61a5354154b3d7cba7536f189e2f,73cae0c04831cfb8dd47d5f41faf277f,24
693,be5f61a5354154b3d7cba7536f189e2f,30f38d775cff2a96532ccc7c5e48c48b,17
694,be5f61a5354154b3d7cba7536f189e2f,59f29037d9dc9165fb360b9b3612d919,12
695,be5f61a5354154b3d7cba7536f189e2f,4eff0c7b3c32f68bfece327044b47b49,6
696,be5f61a5354154b3d7cba7536f189e2f,862015a22d1dd86103d865691dab92f0,4
697,be5f61a5354154b3d7cba7536f189e2f,0f02d616e027988803324c84e8951a0e,3
698,be5f61a5354154b3d7cba7536f189e2f,52af793d0eeef92b05ce0d6b01cf2542,1
699,be5f61a5354154b3d7cba7536f189e2f,50dd3829e418e0c92efe29566f288942,1
700,be5f61a5354154b3d7cba7536f189e2f,05c7b48e2ce68df138826699856fe6a5,-7
701,be5f61a5354154b3d7cba7536f189e2f,6a20279d61d8be94ea457bb5f6fe077a,-8
702,be5f61a5354154b3d7cba7536f189e2f,ad6a98bfd42a5a831a1a3401eaf96785,-13
703,be5f61a5354154b3d7cba7536f189e2f,57bbd7e30bc694aeee9ee40c583e6811,4
704,be5f61a5354154b3d7cba7536f189e2f,603daefb2fa321f3abab289805fdcc25,4
705,be5f61a5354154b3d7cba7536f189e2f,8bb18fb1d0cc10c985afa823ecec6d18,1
706,be5f61a5354154b3d7cba7536f189e2f,27ea17a8685c4919f157e83fe9cb2d9e,-6
707,be5f61a5354154b3d7cba7536f189e2f,dd5c21b550fa5e029f561a830763acbc,-7
708,be5f61a5354154b3d7cba7536f189e2f,60b5f9f68ccbbf7ba3fa13a2189e2775,-7
709,be5f61a5354154b3d7cba7536f189e2f,c1fe6ed491d04e3cdf50755dff23b263,-9
710,be5f61a5354154b3d7cba7536f189e2f,c00264c3114d23bac482e9de50fb7d28,-11
711,be5f61a5354154b3d7cba7536f189e2f,5ff25817b04f08b02c9781970f1234c6,-12
712,be5f61a5354154b3d7cba7536f189e2f,307beab25b1021a548b4a47550bc4b25,-22
713,bfc4c8f688f511fb76f7fd82a3807f94,64434221db9ba319f8d13632f1c2ad32,12
714,bfc4c8f688f511fb76f7fd82a3807f94,f2e41e7ce25aff54b85ee5ab66f69187,9
715,bfc4c8f688f511fb76f7fd82a3807f94,007b0de63548bac45dfacc0870a4a537,9
716,bfc4c8f688f511fb76f7fd82a3807f94,404f3be24b921150227c13f766e084cf,6
717,bfc4c8f688f511fb76f7fd82a3807f94,1b335cd14d37addc486b357c3b58db27,3
718,bfc4c8f688f511fb76f7fd82a3807f94,4c96537f405d4671d86876fd67f0762d,-1
719,bfc4c8f688f511fb76f7fd82a3807f94,ffaf641f9379f76a57f15bab1e788e6d,-5
720,bfc4c8f688f511fb76f7fd82a3807f94,508d962863dc09f49884cdd9a53d804a,-5
721,bfc4c8f688f511fb76f7fd82a3807f94,b2ba11f9de4921e8eee910b7c9d5404f,-6
722,bfc4c8f688f511fb76f7fd82a3807f94,9fa70948d1ad86af009ffad239f8a464,-7
723,bfc4c8f688f511fb76f7fd82a3807f94,c2502dbdbdc5273bac8daa884e3ff63a,-9
724,bfc4c8f688f511fb76f7fd82a3807f94,67f4ecb2bff373b7f14f59bdf87b47c6,-11
725,bfc4c8f688f511fb76f7fd82a3807f94,4d371dbb9d07b0a451e6a253244d3079,8
726,bfc4c8f688f511fb76f7fd82a3807f94,085beb037fb1e12196085f66c9761cd4,8
727,bfc4c8f688f511fb76f7fd82a3807f94,100cf64c65b01e459c9fdda0f8b75061,8
728,bfc4c8f688f511fb76f7fd82a3807f94,e546fc654970cfc01f73c0d73250e97b,5
729,bfc4c8f688f511fb76f7fd82a3807f94,a82c2c880ccf01c25e5ffa252551a612,3
730,bfc4c8f688f511fb76f7fd82a3807f94,1e5a19729df6e4496686d9356be411ca,-4
731,bfc4c8f688f511fb76f7fd82a3807f94,3d6fa00462bffd51ce5cf6612ec9026a,-5
732,bfc4c8f688f511fb76f7fd82a3807f94,171fe637accecc29979e5408595de077,-5
733,bfc4c8f688f511fb76f7fd82a3807f94,81bf6c77460a6f7219c623af50178de5,-13
734,c005dbf89ef3fb55d6f0f0461ada5560,461d33b042b3c349d69980f89e06f582,23
735,c005dbf89ef3fb55d6f0f0461ada5560,83276e13d34f364faa3a24cecec245e1,19
736,c005dbf89ef3fb55d6f0f0461ada5560,0c2d9d598f919d635d1f230ea475ef04,15
737,c005dbf89ef3fb55d6f0f0461ada5560,0468a7cae6489acd7294600e8bad8b32,11
738,c005dbf89ef3fb55d6f0f0461ada5560,7c1c2ad6f3088c952dffd0335bb3af9b,8
739,c005dbf89ef3fb55d6f0f0461ada5560,e6d3fc584789b9b914791ec969a8d5a4,1
740,c005dbf89ef3fb55d6f0f0461ada5560,13742c470562ea186133c3a06e43d172,-7
741,c005dbf89ef3fb55d6f0f0461ada5560,c5a353e301078ea1cb4e8bc8fede12e9,-15
742,c005dbf89ef3fb55d6f0f0461ada5560,3637dae74ec0bcaa39275df5ef7bea71,-16
743,c005dbf89ef3fb55d6f0f0461ada5560,d29058993b5746d37d0fd5348c5018e2,-19
744,c005dbf89ef3fb55d6f0f0461ada5560,110efe8a264188c41b74dca2c1211247,9
745,c005dbf89ef3fb55d6f0f0461ada5560,e5e2fb66fc3e8ee0edf076e60d343031,7
746,c005dbf89ef3fb55d6f0f0461ada5560,d7f2b465bbe159ecb83cb95d120df260,6
747,c005dbf89ef3fb55d6f0f0461ada5560,321fe275d1d66f05c5014fd97e870834,5
748,c005dbf89ef3fb55d6f0f0461ada5560,0beb157ecf02b2c67048597bb3c514b5,-1
749,c005dbf89ef3fb55d6f0f0461ada5560,d4777cb3468137b35f7e80b7434bec27,-10
750,c005dbf89ef3fb55d6f0f0461ada5560,6de0ac647d194bdcfc0854c7ad51c44e,-11
751,c005dbf89ef3fb55d6f0f0461ada5560,17c5b4a9be5e0fa567d3d38ca65e4005,-12
752,c005dbf89ef3fb55d6f0f0461ada5560,33f469a601417bebf0be722241d131e6,-13
753,c18a10de1375b1f12aa17ef6cc540102,38f5dec297d58ecae62c8a9549004520,12
754,c18a10de1375b1f12aa17ef6cc540102,14629670f976c0320bd2085956d073e1,12
755,c18a10de1375b1f12aa17ef6cc540102,38165bacb00c27108cc23681972ee9ab,10
756,c18a10de1375b1f12aa17ef6cc540102,b07ed3ce0e4991320064795011f02d4d,-1
757,c18a10de1375b1f12aa17ef6cc540102,4b095e823bb1b4857a50d41a511930d4,-2
758,c18a10de1375b1f12aa17ef6cc540102,7021635e4c42453f92b82fe89cfffa35,-3
759,c18a10de1375b1f12aa17ef6cc540102,c493d9929037f011bcb3ff8a2e468c6a,-4
760,c18a10de1375b1f12aa17ef6cc540102,b2e677220105e6d33b08f102109ae232,-5
761,c18a10de1375b1f12aa17ef6cc540102,293f2b24a7c44b0d65cd9ac09b680ffc,-6
762,c18a10de1375b1f12aa17ef6cc540102,53e6c98d995191bfb806c5a7cf93db05,-9
763,c18a10de1375b1f12aa17ef6cc540102,91a259d73f01cc44ea00b70444bdac89,-11
764,c18a10de1375b1f12aa17ef6cc540102,9cdb7fcbb36cb039e63ea8074df32a81,-18
765,c18a10de1375b1f12aa17ef6cc540102,e2d5a38e5f826708c89f2f728eade916,19
766,c18a10de1375b1f12aa17ef6cc540102,1376b4800e5b2d50ce35a57827eadcfc,19
767,c18a10de1375b1f12aa17ef6cc540102,6b08fc64c8d282c36e800d28eb278027,14
768,c18a10de1375b1f12aa17ef6cc540102,b248b1d9caa41a3562d67584c1a0b399,10
769,c18a10de1375b1f12aa17ef6cc540102,71cd93e320cd2da78733d23dae3274a0,8
770,c18a10de1375b1f12aa17ef6cc540102,8bea2707e7bf04c8a3d8188b87d92c0e,3
771,c18a10de1375b1f12aa17ef6cc540102,84a4a3c70c57b7d570baca43b5423ba3,2
772,c18a10de1375b1f12aa17ef6cc540102,d1af6080bd4b6a794ba3595dab2b1fb8,-2
773,c18a10de1375b1f12aa17ef6cc540102,952cb62f00fbb58407f3a7cd89c3a7bf,-6
774,c18a10de1375b1f12aa17ef6cc540102,1e76e7a4a5b6d17e67172710d86b6b51,-6
775,c18a10de1375b1f12aa17ef6cc540102,7438349cba4a3154e331f38cfbb2dd5e,-12
776,c18a10de1375b1f12aa17ef6cc540102,d2a15fd08b7e2fce833c736710c3fd5e,-12
777,c18a10de1375b1f12aa17ef6cc540102,00d19f69501c09d98507b48ceff105e6,-12
778,cc638bdf25316add638154b45434aebd,2b313e2bcef0268bc8e9415132ba9997,7
779,cc638bdf25316add638154b45434aebd,011ffbd69cd25a2324c720b64f31712a,5
780,cc638bdf25316add638154b45434aebd,6bf40f9c2b640febc71d1393fb24d894,5
781,cc638bdf25316add638154b45434aebd,5234e98b6206eb09c43f8cf19ae9d6ef,0
782,cc638bdf25316add638154b45434aebd,a99f44bbff39e352191a870e17f04537,-2
783,cc638bdf25316add638154b45434aebd,2db991f86a08c6e83cf5d916da7b16d7,-8
784,cc638bdf25316add638154b45434aebd,1362d9ad805e7cc4ea3a9467c91142d6,-12
785,cc638bdf25316add638154b45434aebd,091e956c671f029caa455f13ef42c4c2,-13
786,cc638bdf25316add638154b45434aebd,c721802743c4dd0a6d0fbdc0ccb8d196,-17
787,cc638bdf25316add638154b45434aebd,7afc3cf0c2557f13e927da9ab03725dc,15
788,cc638bdf25316add638154b45434aebd,4f4e47023263931e1445dc97f7dae941,14
789,cc638bdf25316add638154b45434aebd,5779f715384a05dc9cea4ddf21ab564c,10
790,cc638bdf25316add638154b45434aebd,021dabc5d7a1404ec8ad34fe8ca4b5e3,8
791,cc638bdf25316add638154b45434aebd,f4e77e1d9313c8f7274d0ca3ef38ed3d,7
792,cc638bdf25316add638154b45434aebd,f79a2b5e6190ac3c534645e806f1b611,3
793,cc638bdf25316add638154b45434aebd,45e7a758a91a254ff04756562e740f2d,2
794,cc638bdf25316add638154b45434aebd,bc6bc2e33f8e12c3632ba3cbf67200d1,1
795,cc638bdf25316add638154b45434aebd,c4072556336827a70c8a0298bc658b5b,-3
796,cc638bdf25316add638154b45434aebd,be9b1397bcb9fb9104edd23670988cda,-7
797,cc638bdf25316add638154b45434aebd,ac0e388f8e54b5a360b572302b933639,-15
798,d0c6985ffc5f03ba09393699467a580a,c17f6e6b83ccc768962046f1af1372a5,10
799,d0c6985ffc5f03ba09393699467a580a,0a4bdcb73ac21ffeb164386d44212f45,9
800,d0c6985ffc5f03ba09393699467a580a,008c7fb331f92d216799d21a9104231a,7
801,d0c6985ffc5f03ba09393699467a580a,07695ef9feebc6ba02831f0f3c22662a,7
802,d0c6985ffc5f03ba09393699467a580a,c6e0c30c8c02b0706682ec89eb6fc565,6
803,d0c6985ffc5f03ba09393699467a580a,0a7bab1764e8696f355e018c6fd0e8b7,-6
804,d0c6985ffc5f03ba09393699467a580a,377f464a91323a8e2c5486ce2cb4c153,-11
805,d0c6985ffc5f03ba09393699467a580a,7d2101502c53723c2aaf2a8e5f150d97,-15
806,d0c6985ffc5f03ba09393699467a580a,068cc724c0bdf4a9fc56d2eb2d88fb0f,-16
807,d0c6985ffc5f03ba09393699467a580a,479986fc12b02040302f3d2b2a903e53,-16
808,d0c6985ffc5f03ba09393699467a580a,25f9b9aedb2a8c72079ebd39a3ff4c8c,19
809,d0c6985ffc5f03ba09393699467a580a,30ffeac1e06740482da5c4f0dd3454ad,12
810,d0c6985ffc5f03ba09393699467a580a,0d4f00ab57bedad897a0aecf8dfa692f,9
811,d0c6985ffc5f03ba09393699467a580a,f974c6b5a65a034a866cd58014d6fbe3,6
812,d0c6985ffc5f03ba09393699467a580a,a41e691698563706342ff5eca9e22bf1,3
813,d0c6985ffc5f03ba09393699467a580a,ea16528886a6058e0d8133e78bec598e,-4
814,d0c6985ffc5f03ba09393699467a580a,54585b803d43739f9a55ac96da873fbf,-4
815,d0c6985ffc5f03ba09393699467a580a,cbd8848dea8700073ef1dbb218821339,-4
816,d0c6985ffc5f03ba09393699467a580a,825e2645d764579a9917c71844043eba,-12
817,d3a00898abc790fd5643d05f996f05f6,508d962863dc09f49884cdd9a53d804a,7
818,d3a00898abc790fd5643d05f996f05f6,404f3be24b921150227c13f766e084cf,4
819,d3a00898abc790fd5643d05f996f05f6,007b0de63548bac45dfacc0870a4a537,3
820,d3a00898abc790fd5643d05f996f05f6,9dfb640c64a314da8e0fd9993fea7c8f,1
821,d3a00898abc790fd5643d05f996f05f6,1b335cd14d37addc486b357c3b58db27,-1
822,d3a00898abc790fd5643d05f996f05f6,67f4ecb2bff373b7f14f59bdf87b47c6,-1
823,d3a00898abc790fd5643d05f996f05f6,12f2718c657784e4b5f766789d3df3bf,-1
824,d3a00898abc790fd5643d05f996f05f6,063e48c00d94d39401fac3f94276ce6a,-1
825,d3a00898abc790fd5643d05f996f05f6,9fa70948d1ad86af009ffad239f8a464,-3
826,d3a00898abc790fd5643d05f996f05f6,c2502dbdbdc5273bac8daa884e3ff63a,-7
827,d3a00898abc790fd5643d05f996f05f6,f2e41e7ce25aff54b85ee5ab66f69187,-9
828,d3a00898abc790fd5643d05f996f05f6,9b85cb9662c0d65b722d77aea12f3f13,-10
829,d3a00898abc790fd5643d05f996f05f6,4c96537f405d4671d86876fd67f0762d,-12
830,d3a00898abc790fd5643d05f996f05f6,b1ae0bb44250b8cd2e080de545a6cd1b,19
831,d3a00898abc790fd5643d05f996f05f6,3ac301867a2503f6aba31824dd7364db,7
832,d3a00898abc790fd5643d05f996f05f6,b67e5a2e593be71fe871d7d511f0ab55,7
833,d3a00898abc790fd5643d05f996f05f6,d7f2b465bbe159ecb83cb95d120df260,1
834,d3a00898abc790fd5643d05f996f05f6,c9c7a2ee43d9e8b1dd0c6eb6f9be7022,0
835,d3a00898abc790fd5643d05f996f05f6,321fe275d1d66f05c5014fd97e870834,-2
836,d3a00898abc790fd5643d05f996f05f6,110efe8a264188c41b74dca2c1211247,-2
837,d9eb042455c8f36574d3a52e678a8916,522a32a0442e32bce9aba28ac7ba327b,6
838,d9eb042455c8f36574d3a52e678a8916,039bd19014e6cfcf867f442aa412ad6a,6
839,d9eb042455c8f36574d3a52e678a8916,aa062d0d43fb0f311e962c085e1fb744,1
840,d9eb042455c8f36574d3a52e678a8916,93cccaa284535f9bef1dbce1d6adfb34,0
841,d9eb042455c8f36574d3a52e678a8916,4d64187a5343a51197a799982a97d173,-1
842,d9eb042455c8f36574d3a52e678a8916,2f04dbbabeefc1447ca06ae228d8b42c,-6
843,d9eb042455c8f36574d3a52e678a8916,466ef3d80ec02640eeecea72e08ad8c6,-6
844,d9eb042455c8f36574d3a52e678a8916,16f7d070421f93ae177d8adf1bc0edf2,-7
845,d9eb042455c8f36574d3a52e678a8916,d3e3ae70ac393f24335f922cdeec1b1a,-8
846,d9eb042455c8f36574d3a52e678a8916,b0b5fb4a9b857c0cf63b80c1893bfef4,-10
847,d9eb042455c8f36574d3a52e678a8916,cdb159e491966787f661d65f4d997fe8,-15
848,d9eb042455c8f36574d3a52e678a8916,05c7b48e2ce68df138826699856fe6a5,10
849,d9eb042455c8f36574d3a52e678a8916,30f38d775cff2a96532ccc7c5e48c48b,9
850,d9eb042455c8f36574d3a52e678a8916,4eff0c7b3c32f68bfece327044b47b49,8
851,d9eb042455c8f36574d3a52e678a8916,53502b8d547e58de75cb1622f66cae09,8
852,d9eb042455c8f36574d3a52e678a8916,4a34b108d006b92660ec7593dde29e0d,7
853,d9eb042455c8f36574d3a52e678a8916,36d0e99d34dfb110a853cd2892065234,7
854,d9eb042455c8f36574d3a52e678a8916,ad6a98bfd42a5a831a1a3401eaf96785,2
855,d9eb042455c8f36574d3a52e678a8916,0f02d616e027988803324c84e8951a0e,0
856,d9eb042455c8f36574d3a52e678a8916,73cae0c04831cfb8dd47d5f41faf277f,-2
857,d9eb042455c8f36574d3a52e678a8916,59f29037d9dc9165fb360b9b3612d919,-9
858,dadcdbe527d9d72f8b0907796f7559cb,5cfae6b3803440cb1d87ceead6aad4eb,27
859,dadcdbe527d9d72f8b0907796f7559cb,978f65d65974dcaaea595daaa1b35a2a,26
860,dadcdbe527d9d72f8b0907796f7559cb,92dcab554aa5587162253437a4e485c6,21
861,dadcdbe527d9d72f8b0907796f7559cb,249de90677348e56e1f8c68e67edd04f,20
862,dadcdbe527d9d72f8b0907796f7559cb,74830bfa36f9e2005b3b6beb635e80f5,16
863,dadcdbe527d9d72f8b0907796f7559cb,5e6c9c4441186264607c60fcc533574c,15
864,dadcdbe527d9d72f8b0907796f7559cb,2f47647508381809be04b091b6ca7784,14
865,dadcdbe527d9d72f8b0907796f7559cb,4121c3bfb44f9d3a3151b212f31e7e04,14
866,dadcdbe527d9d72f8b0907796f7559cb,ffaf641f9379f76a57f15bab1e788e6d,11
867,dadcdbe527d9d72f8b0907796f7559cb,24724aa699e58a03806f85980aa6e7c0,11
868,dadcdbe527d9d72f8b0907796f7559cb,928d7057f3a2b03d6e1574c5a55d0a54,11
869,dadcdbe527d9d72f8b0907796f7559cb,317a4d61e1dd679f93b3628f3e35e0d0,10
870,dadcdbe527d9d72f8b0907796f7559cb,b2ba11f9de4921e8eee910b7c9d5404f,9
871,dadcdbe527d9d72f8b0907796f7559cb,54393360fa8811223b580041b2792de8,-12
872,dadcdbe527d9d72f8b0907796f7559cb,efccee5aa58785e3778eb8d773dfa791,-18
873,dadcdbe527d9d72f8b0907796f7559cb,3b532bdaf4b8e53a39e49771a8339720,-22
874,dadcdbe527d9d72f8b0907796f7559cb,83944f9dd3038c23ba3bfedebce2519e,-22
875,dadcdbe527d9d72f8b0907796f7559cb,f8e9b9ba10fcf68af334471084df15c9,-22
876,dadcdbe527d9d72f8b0907796f7559cb,875a3f8821cc8b53f87e446230015c62,-24
877,dadcdbe527d9d72f8b0907796f7559cb,d39fd16f0b287a447787404fedf12983,-24
878,dadcdbe527d9d72f8b0907796f7559cb,2eeada608e233557df90216a902fbc98,-26
879,dadcdbe527d9d72f8b0907796f7559cb,377f464a91323a8e2c5486ce2cb4c153,-35
880,dc9261160f28c7e28ffe11e9724aa2b3,852c9de6c917694981f071bc5eb58326,18
881,dc9261160f28c7e28ffe11e9724aa2b3,515b44596849db9f6f2b360c576398fc,11
882,dc9261160f28c7e28ffe11e9724aa2b3,b288a5a2a8615f37ae77f3ce71f061e8,9
883,dc9261160f28c7e28ffe11e9724aa2b3,db86ba65d6046f9384355934073a2b9d,3
884,dc9261160f28c7e28ffe11e9724aa2b3,3d9bcb1390d5efea6bbce4aac0952178,0
885,dc9261160f28c7e28ffe11e9724aa2b3,59d0622b78201a399694cd27d235f863,-3
886,dc9261160f28c7e28ffe11e9724aa2b3,6c15237c89ddcd2fd17c120149e033e9,-3
887,dc9261160f28c7e28ffe11e9724aa2b3,cc2c9a0eec200fae9bebb80d56d93b8c,-5
888,dc9261160f28c7e28ffe11e9724aa2b3,0a7ae25da315e35e903233b4bb2252da,-20
889,dc9261160f28c7e28ffe11e9724aa2b3,b177b26c374aefaddfc0895c08bf1ea7,-20
890,dc9261160f28c7e28ffe11e9724aa2b3,0b9f9787580f7ca0dbba7a0eb39b1c4d,17
891,dc9261160f28c7e28ffe11e9724aa2b3,f5250354772b45edb362cd3d5286b6e0,14
892,dc9261160f28c7e28ffe11e9724aa2b3,7367a4fcf2f4af747576b5dcb9ffdd77,8
893,dc9261160f28c7e28ffe11e9724aa2b3,a30c2c75d6a204ed450a2c423c11d362,8
894,dc9261160f28c7e28ffe11e9724aa2b3,e43aba9ca924c29b2a41feb7d3c8bc5b,5
895,dc9261160f28c7e28ffe11e9724aa2b3,472dc36ed0d28b2fd318d15bbd292320,-5
896,dc9261160f28c7e28ffe11e9724aa2b3,1010437803b67e17a67a8966294555a7,-6
897,dc9261160f28c7e28ffe11e9724aa2b3,fa5ca757de7c6c5ec97900bcabbc146e,-6
898,dc9261160f28c7e28ffe11e9724aa2b3,86221f74b2afc0d40da3005ce1479d4b,-10
899,dc9261160f28c7e28ffe11e9724aa2b3,907b36dd80d1411453e94bc61e2ca9a3,-15
900,dd4d15aab3b091546f9bf65b7f562f26,66b04e3d18df11c48839db5bd1597c02,6
901,dd4d15aab3b091546f9bf65b7f562f26,83944f9dd3038c23ba3bfedebce2519e,-3
902,dd4d15aab3b091546f9bf65b7f562f26,efccee5aa58785e3778eb8d773dfa791,-3
903,dd4d15aab3b091546f9bf65b7f562f26,6e21954485044405e05c6384c99d23e3,-7
904,dd4d15aab3b091546f9bf65b7f562f26,7fece8953398ce9739a0d9bfc7b4a0e6,-7
905,dd4d15aab3b091546f9bf65b7f562f26,f8e9b9ba10fcf68af334471084df15c9,-7
906,dd4d15aab3b091546f9bf65b7f562f26,2f1ef4c0eab0128f3a2622ddf85cf201,-9
907,dd4d15aab3b091546f9bf65b7f562f26,2eeada608e233557df90216a902fbc98,-10
908,dd4d15aab3b091546f9bf65b7f562f26,54393360fa8811223b580041b2792de8,-10
909,dd4d15aab3b091546f9bf65b7f562f26,285f819d294e245977e8bf12b2be4765,-13
910,dd4d15aab3b091546f9bf65b7f562f26,3b532bdaf4b8e53a39e49771a8339720,-17
911,dd4d15aab3b091546f9bf65b7f562f26,34c349ba8477c94eb0a7545b439c9bd3,17
912,dd4d15aab3b091546f9bf65b7f562f26,36b6d1374b888ef311eb59e4b7368f78,17
913,dd4d15aab3b091546f9bf65b7f562f26,417afba21d2c399474c48fa0d4993de2,14
914,dd4d15aab3b091546f9bf65b7f562f26,fe1871734c4c4601acf113acb94da1b7,9
915,dd4d15aab3b091546f9bf65b7f562f26,6de0ac647d194bdcfc0854c7ad51c44e,9
916,dd4d15aab3b091546f9bf65b7f562f26,8fdab3e3f9022d0fadca93e4cd59cddc,7
917,dd4d15aab3b091546f9bf65b7f562f26,676ca52cf152e1691e774f02d61f6e35,4
918,dd4d15aab3b091546f9bf65b7f562f26,46f88362b82eee93adfda97ce7caa4ab,3
919,dd4d15aab3b091546f9bf65b7f562f26,de8c14a823090b1f97fbb15ce28fd078,1
920,dd4d15aab3b091546f9bf65b7f562f26,7ad27aab65cc1ce38a8720efe685e24f,-1
921,ded7de5f5252e901151b00938ce580c1,2892cf3e89fc147144ccbd45a194d64a,2
922,ded7de5f5252e901151b00938ce580c1,648cb1de466b2c196fcd360502c34458,2
923,ded7de5f5252e901151b00938ce580c1,2faa88bc657b3dbf4aeeb2f3eb7a1e23,2
924,ded7de5f5252e901151b00938ce580c1,9075d598a348b290d9c426e41662e593,2
925,ded7de5f5252e901151b00938ce580c1,336ec76a9accfb5359ea7e69f2610947,-4
926,ded7de5f5252e901151b00938ce580c1,3a7ac3ab38d3261d8c162d52a7f4e644,-6
927,ded7de5f5252e901151b00938ce580c1,bc77b0f38cb51b2cfe8552000e585cbf,-7
928,ded7de5f5252e901151b00938ce580c1,36f020989d86eefe270ab346e6f80e4e,-7
929,ded7de5f5252e901151b00938ce580c1,4596ed9dd04a94f6ad5e60ebda302350,-9
930,ded7de5f5252e901151b00938ce580c1,963242c7a25ba9a70b245f482e960e75,-9
931,ded7de5f5252e901151b00938ce580c1,867712e1cdfd8b15d083f3be2af4bc0f,-12
932,ded7de5f5252e901151b00938ce580c1,5f2d1b7a31eb9117654c9d056093bfa5,-13
933,ded7de5f5252e901151b00938ce580c1,050e16220dddff68fc37eca695cee3b4,-16
934,ded7de5f5252e901151b00938ce580c1,46f88362b82eee93adfda97ce7caa4ab,17
935,ded7de5f5252e901151b00938ce580c1,34c349ba8477c94eb0a7545b439c9bd3,16
936,ded7de5f5252e901151b00938ce580c1,fe1871734c4c4601acf113acb94da1b7,15
937,ded7de5f5252e901151b00938ce580c1,7ad27aab65cc1ce38a8720efe685e24f,11
938,ded7de5f5252e901151b00938ce580c1,8fdab3e3f9022d0fadca93e4cd59cddc,8
939,ded7de5f5252e901151b00938ce580c1,417afba21d2c399474c48fa0d4993de2,8
940,ded7de5f5252e901151b00938ce580c1,3ac301867a2503f6aba31824dd7364db,7
941,ded7de5f5252e901151b00938ce580c1,9a07071107374d4c6a0292b80396c99c,3
942,ded7de5f5252e901151b00938ce580c1,36b6d1374b888ef311eb59e4b7368f78,2
943,ded7de5f5252e901151b00938ce580c1,de8c14a823090b1f97fbb15ce28fd078,-5
944,ded7de5f5252e901151b00938ce580c1,676ca52cf152e1691e774f02d61f6e35,-7
945,e26fa57f2c5e83edc21e3f97b55cbecd,dcb6b241fcbbd838bc3437c8e1fc4ccb,-4
946,e26fa57f2c5e83edc21e3f97b55cbecd,e8f08c4244cbc01674a2c6f7c10117ae,-5
947,e26fa57f2c5e83edc21e3f97b55cbecd,6336b73a02925ee68f635cdf2a5101f1,-6
948,e26fa57f2c5e83edc21e3f97b55cbecd,73be785a9fbca2eff767fbce1c398d66,-7
949,e26fa57f2c5e83edc21e3f97b55cbecd,881f83d2dee3f18c7d1751659406144e,-8
950,e26fa57f2c5e83edc21e3f97b55cbecd,9e0ccb212abed9880097869dbfb903c5,-9
951,e26fa57f2c5e83edc21e3f97b55cbecd,ba5861d8e221e712fc92aebfe00a4782,-9
952,e26fa57f2c5e83edc21e3f97b55cbecd,83ec3271b8078785b0055a1f7817068f,-10
953,e26fa57f2c5e83edc21e3f97b55cbecd,7e0fe3d0e532a5786e2eec9b5d1bedc6,-11
954,e26fa57f2c5e83edc21e3f97b55cbecd,74f677b5efa87503eead993dfa30ca27,-11
955,e26fa57f2c5e83edc21e3f97b55cbecd,394e78a51b6d2fd3c046f11f49fcab57,20
956,e26fa57f2c5e83edc21e3f97b55cbecd,762b12c3cb57fad4b882040b3293fa31,18
957,e26fa57f2c5e83edc21e3f97b55cbecd,d8e4f0fd2e836518e681c99a3f9e4411,13
958,e26fa57f2c5e83edc21e3f97b55cbecd,1a8dfc8c85278dd28ed7985e40fc6018,11
959,e26fa57f2c5e83edc21e3f97b55cbecd,646b0273682c1592a938bbfb21332ded,10
960,e26fa57f2c5e83edc21e3f97b55cbecd,85b8db431f11d51d5def87fc58229be4,7
961,e26fa57f2c5e83edc21e3f97b55cbecd,1c73194e0fa711701298e4a27b046bab,6
962,e26fa57f2c5e83edc21e3f97b55cbecd,1532445b96ca1edd411bfae064b189bb,-1
963,e26fa57f2c5e83edc21e3f97b55cbecd,e211885d70d20be63797249090882c53,-4
964,e3ca2e93a38f7497b6f476c86f5b2136,387d067091bd3a9264576ddb74759f5f,29
965,e3ca2e93a38f7497b6f476c86f5b2136,17651fd844ca9177694e0fe8e13ade03,27
966,e3ca2e93a38f7497b6f476c86f5b2136,f5f1164263044fc2ee91242daa221045,27
967,e3ca2e93a38f7497b6f476c86f5b2136,5fe2b12999c5b4a17dba17cb76b0cfbc,21
968,e3ca2e93a38f7497b6f476c86f5b2136,2b8bdfc64f41d1adefabcf7e0667a618,14
969,e3ca2e93a38f7497b6f476c86f5b2136,b73aad6e3aa709f60c19344e876acc10,-2
970,e3ca2e93a38f7497b6f476c86f5b2136,1f2bef6aac30136c2f03004656efa3c0,-4
971,e3ca2e93a38f7497b6f476c86f5b2136,e688b1a601a44fb2ac79c58bf6c89e8b,-5
972,e3ca2e93a38f7497b6f476c86f5b2136,ab1aaee5e4a6d0121e58866080be4ca8,-5
973,e3ca2e93a38f7497b6f476c86f5b2136,67871d34cda8ae6037909c357510928c,-5
974,e3ca2e93a38f7497b6f476c86f5b2136,43a74f78a8e39c7fb0ad193fb24f52ba,-10
975,e3ca2e93a38f7497b6f476c86f5b2136,e6d3fc584789b9b914791ec969a8d5a4,-22
976,e3ca2e93a38f7497b6f476c86f5b2136,8bb18fb1d0cc10c985afa823ecec6d18,17
977,e3ca2e93a38f7497b6f476c86f5b2136,dd5c21b550fa5e029f561a830763acbc,14
978,e3ca2e93a38f7497b6f476c86f5b2136,52c2b7c1bc3d4104de29f896fc644871,12
979,e3ca2e93a38f7497b6f476c86f5b2136,603daefb2fa321f3abab289805fdcc25,11
980,e3ca2e93a38f7497b6f476c86f5b2136,307beab25b1021a548b4a47550bc4b25,-3
981,e3ca2e93a38f7497b6f476c86f5b2136,a60cb266e26f960c075b6694022baae6,-4
982,e3ca2e93a38f7497b6f476c86f5b2136,60b5f9f68ccbbf7ba3fa13a2189e2775,-7
983,e3ca2e93a38f7497b6f476c86f5b2136,5ff25817b04f08b02c9781970f1234c6,-24
984,e3ca2e93a38f7497b6f476c86f5b2136,57bbd7e30bc694aeee9ee40c583e6811,-38
985,e3ca2e93a38f7497b6f476c86f5b2136,c00264c3114d23bac482e9de50fb7d28,-43
986,e44e31fefaa028c1e9df1a71d4aff555,a555fb30be57b11cdfbffa3654ba9f83,10
987,e44e31fefaa028c1e9df1a71d4aff555,2f04dbbabeefc1447ca06ae228d8b42c,10
988,e44e31fefaa028c1e9df1a71d4aff555,d3e3ae70ac393f24335f922cdeec1b1a,8
989,e44e31fefaa028c1e9df1a71d4aff555,039bd19014e6cfcf867f442aa412ad6a,2
990,e44e31fefaa028c1e9df1a71d4aff555,aa062d0d43fb0f311e962c085e1fb744,-1
991,e44e31fefaa028c1e9df1a71d4aff555,466ef3d80ec02640eeecea72e08ad8c6,-4
992,e44e31fefaa028c1e9df1a71d4aff555,cdb159e491966787f661d65f4d997fe8,-8
993,e44e31fefaa028c1e9df1a71d4aff555,93cccaa284535f9bef1dbce1d6adfb34,-9
994,e44e31fefaa028c1e9df1a71d4aff555,16f7d070421f93ae177d8adf1bc0edf2,-10
995,e44e31fefaa028c1e9df1a71d4aff555,522a32a0442e32bce9aba28ac7ba327b,-18
996,e44e31fefaa028c1e9df1a71d4aff555,adcd53acc9f5585db4c510745b2bac89,19
997,e44e31fefaa028c1e9df1a71d4aff555,9f0ee42268a2542d7fd028fe79184286,10
998,e44e31fefaa028c1e9df1a71d4aff555,28ce9a11a56397b259299fdd9710dab5,10
999,e44e31fefaa028c1e9df1a71d4aff555,1cd0599b37f77c2be76a2c6df23d1ba8,7
1000,e44e31fefaa028c1e9df1a71d4aff555,eaa6c5d9e964e04fa05b4db476fb46f0,4
1001,e44e31fefaa028c1e9df1a71d4aff555,8b1f1c4a8f9f63c436dd736e77b0e9e8,0
1002,e44e31fefaa028c1e9df1a71d4aff555,9d4117dd37b6a8592a711ef940b82de4,-3
1003,e44e31fefaa028c1e9df1a71d4aff555,58f273dbbf002f0ec411fc247e07dd0a,-5
1004,e44e31fefaa028c1e9df1a71d4aff555,62a21c6589a18649d9d4c8a651a829ce,-10
1005,e44e31fefaa028c1e9df1a71d4aff555,f285f13f0c036a88bd85535e47e88aef,-12
1006,f0332f91eb943b64b39ef28daf6639c5,0a7ae25da315e35e903233b4bb2252da,11
1007,f0332f91eb943b64b39ef28daf6639c5,515b44596849db9f6f2b360c576398fc,6
1008,f0332f91eb943b64b39ef28daf6639c5,b177b26c374aefaddfc0895c08bf1ea7,4
1009,f0332f91eb943b64b39ef28daf6639c5,66c0552461f4db5611a978058e90b8b4,0
1010,f0332f91eb943b64b39ef28daf6639c5,12d1d91e35cddf4defdd250392f4f2e5,-2
1011,f0332f91eb943b64b39ef28daf6639c5,3d9bcb1390d5efea6bbce4aac0952178,-4
1012,f0332f91eb943b64b39ef28daf6639c5,59d0622b78201a399694cd27d235f863,-9
1013,f0332f91eb943b64b39ef28daf6639c5,6c15237c89ddcd2fd17c120149e033e9,-15
1014,f0332f91eb943b64b39ef28daf6639c5,b288a5a2a8615f37ae77f3ce71f061e8,-24
1015,f0332f91eb943b64b39ef28daf6639c5,cc2c9a0eec200fae9bebb80d56d93b8c,-24
1016,f0332f91eb943b64b39ef28daf6639c5,dfc487cf688d18f2a848bbf05e7a9f47,-31
1017,f0332f91eb943b64b39ef28daf6639c5,db86ba65d6046f9384355934073a2b9d,-32
1018,f0332f91eb943b64b39ef28daf6639c5,73cae0c04831cfb8dd47d5f41faf277f,42
1019,f0332f91eb943b64b39ef28daf6639c5,4a34b108d006b92660ec7593dde29e0d,39
1020,f0332f91eb943b64b39ef28daf6639c5,4eff0c7b3c32f68bfece327044b47b49,28
1021,f0332f91eb943b64b39ef28daf6639c5,52af793d0eeef92b05ce0d6b01cf2542,18
1022,f0332f91eb943b64b39ef28daf6639c5,30f38d775cff2a96532ccc7c5e48c48b,17
1023,f0332f91eb943b64b39ef28daf6639c5,59f29037d9dc9165fb360b9b3612d919,11
1024,f0332f91eb943b64b39ef28daf6639c5,36d0e99d34dfb110a853cd2892065234,8
1025,f0332f91eb943b64b39ef28daf6639c5,0f02d616e027988803324c84e8951a0e,2
1026,f0332f91eb943b64b39ef28daf6639c5,53502b8d547e58de75cb1622f66cae09,-6
1027,f0332f91eb943b64b39ef28daf6639c5,862015a22d1dd86103d865691dab92f0,-6
1028,f0332f91eb943b64b39ef28daf6639c5,6a20279d61d8be94ea457bb5f6fe077a,-6
1029,f0332f91eb943b64b39ef28daf6639c5,05c7b48e2ce68df138826699856fe6a5,-13
1030,f0332f91eb943b64b39ef28daf6639c5,ad6a98bfd42a5a831a1a3401eaf96785,-14
1031,f385e8caae86b6cb58ed3241c1278ce3,110efe8a264188c41b74dca2c1211247,8
1032,f385e8caae86b6cb58ed3241c1278ce3,6de0ac647d194bdcfc0854c7ad51c44e,6
1033,f385e8caae86b6cb58ed3241c1278ce3,b1ae0bb44250b8cd2e080de545a6cd1b,5
1034,f385e8caae86b6cb58ed3241c1278ce3,d7f2b465bbe159ecb83cb95d120df260,5
1035,f385e8caae86b6cb58ed3241c1278ce3,d4777cb3468137b35f7e80b7434bec27,0
1036,f385e8caae86b6cb58ed3241c1278ce3,78b2c63af827b482d7e3ffa096f4fbd2,0
1037,f385e8caae86b6cb58ed3241c1278ce3,0beb157ecf02b2c67048597bb3c514b5,-2
1038,f385e8caae86b6cb58ed3241c1278ce3,321fe275d1d66f05c5014fd97e870834,-5
1039,f385e8caae86b6cb58ed3241c1278ce3,f74cedcf99a3aabc222398db7499bac1,-7
1040,f385e8caae86b6cb58ed3241c1278ce3,17c5b4a9be5e0fa567d3d38ca65e4005,-14
1041,f385e8caae86b6cb58ed3241c1278ce3,b67e5a2e593be71fe871d7d511f0ab55,-20
1042,f385e8caae86b6cb58ed3241c1278ce3,e5e2fb66fc3e8ee0edf076e60d343031,-21
1043,f385e8caae86b6cb58ed3241c1278ce3,a60cb266e26f960c075b6694022baae6,15
1044,f385e8caae86b6cb58ed3241c1278ce3,a82c2c880ccf01c25e5ffa252551a612,12
1045,f385e8caae86b6cb58ed3241c1278ce3,6becc2cf336cee342d817b90d632ae14,6
1046,f385e8caae86b6cb58ed3241c1278ce3,3d6fa00462bffd51ce5cf6612ec9026a,4
1047,f385e8caae86b6cb58ed3241c1278ce3,1e5a19729df6e4496686d9356be411ca,3
1048,f385e8caae86b6cb58ed3241c1278ce3,5b82a306c99fa6afb74114ad40c19c94,3
1049,f385e8caae86b6cb58ed3241c1278ce3,e546fc654970cfc01f73c0d73250e97b,2
1050,f385e8caae86b6cb58ed3241c1278ce3,4d371dbb9d07b0a451e6a253244d3079,1
1051,f385e8caae86b6cb58ed3241c1278ce3,171fe637accecc29979e5408595de077,0
1052,f385e8caae86b6cb58ed3241c1278ce3,100cf64c65b01e459c9fdda0f8b75061,-1
1053,fdeb2950c4d5209d449ebd2d6afac11e,07695ef9feebc6ba02831f0f3c22662a,17
1054,fdeb2950c4d5209d449ebd2d6afac11e,008c7fb331f92d216799d21a9104231a,9
1055,fdeb2950c4d5209d449ebd2d6afac11e,c6e0c30c8c02b0706682ec89eb6fc565,8
1056,fdeb2950c4d5209d449ebd2d6afac11e,0a4bdcb73ac21ffeb164386d44212f45,8
1057,fdeb2950c4d5209d449ebd2d6afac11e,479986fc12b02040302f3d2b2a903e53,7
1058,fdeb2950c4d5209d449ebd2d6afac11e,c17f6e6b83ccc768962046f1af1372a5,5
1059,fdeb2950c4d5209d449ebd2d6afac11e,7d2101502c53723c2aaf2a8e5f150d97,1
1060,fdeb2950c4d5209d449ebd2d6afac11e,ad0cbdf3bde800a9ff964cd041d26e28,-6
1061,fdeb2950c4d5209d449ebd2d6afac11e,2dccc7085f3e5aa5a404fa6ef1bdd672,-6
1062,fdeb2950c4d5209d449ebd2d6afac11e,377f464a91323a8e2c5486ce2cb4c153,-6
1063,fdeb2950c4d5209d449ebd2d6afac11e,3db8556c1f1efeb42aa762e45e2b25d4,-7
1064,fdeb2950c4d5209d449ebd2d6afac11e,068cc724c0bdf4a9fc56d2eb2d88fb0f,-10
1065,fdeb2950c4d5209d449ebd2d6afac11e,7afc3cf0c2557f13e927da9ab03725dc,13
1066,fdeb2950c4d5209d449ebd2d6afac11e,f4e77e1d9313c8f7274d0ca3ef38ed3d,8
1067,fdeb2950c4d5209d449ebd2d6afac11e,5779f715384a05dc9cea4ddf21ab564c,8
1068,fdeb2950c4d5209d449ebd2d6afac11e,ac0e388f8e54b5a360b572302b933639,7
1069,fdeb2950c4d5209d449ebd2d6afac11e,4f4e47023263931e1445dc97f7dae941,0
1070,fdeb2950c4d5209d449ebd2d6afac11e,f79a2b5e6190ac3c534645e806f1b611,0
1071,fdeb2950c4d5209d449ebd2d6afac11e,be9b1397bcb9fb9104edd23670988cda,-1
1072,fdeb2950c4d5209d449ebd2d6afac11e,315f46f7a5e1de7ef9b4c2430ce64e2d,-7
1073,fdeb2950c4d5209d449ebd2d6afac11e,45e7a758a91a254ff04756562e740f2d,-8
1074,fdeb2950c4d5209d449ebd2d6afac11e,d38e656ac7e867b6f28064fcf8d8fcaf,-8
1075,fdeb2950c4d5209d449ebd2d6afac11e,c4072556336827a70c8a0298bc658b5b,-16
1076,fdeb2950c4d5209d449ebd2d6afac11e,021dabc5d7a1404ec8ad34fe8ca4b5e3,-16
